Title,Event[Start date],Event[Acronym],Event[Series],Event[Start date],Event[End date],Event[Submitted paper],Event[Accepted paper],Event[submission Rate],Event[city],Event[state],Event[country],Event[Field],Event[Type],Event[Homepage],,,EVENT[PUBLISHER],Event[Sponsor]
IEEE/ACM International Conference on Automated Software Engineering,2019,ASE 2019,ASE,11-Nov-2019,15-Nov-2019,,,,San Diego,California,USA,Automated software Engineering,Conference,https://2019.ase-conferences.org/,,,IEEE,HUAWEI
IEEE/ACM International Conference on Automated Software Engineering,2018,ASE 2018,ASE,3-Sep-2018,7-Sep-2018,,,,Montpelleir,,France,Automated software Engineering,Conference,http://www.ase2018.com/,,,IEEE,HCA
IEEE/ACM International Conference on Automated Software Engineering,2017,ASE 2027,ASE,30-Oct-2017,3-Nov-2017,388,65,16.75%,Urbana,,USA,Automated software Engineering,Conference,https://dblp.org/db/conf/kbse/ase2017,,,IEEE,SMU
IEEE/ACM International Conference on Automated Software Engineering,2016,ASE 2016,ASE,3-Sep-2016,7-Sep-2016,333,53,15.92%,,,singapore,Automated software Engineering,Conference,http://www.ase2016.org/,,,IEEE,IEEE
IEEE/ACM International Conference on Automated Software Engineering,2015,ASE 2015,ASE,9-Nov-2015,13-Nov-2015,289,60,14%,Lincoln,Nebraska,USA,Automated software Engineering,Conference,http://ase2015.unl.edu/#tab-main,,,IEEE,CCI
IEEE/ACM International Conference on Automated Software Engineering,2014,ASE 2014,ASE,15-Sep-2014,19-Sep-2014,337,82,24%,Vasteras,,sweden,Automated software Engineering,Conference,http://ase2014.org/,,,IEEE,GOOGLE
IEEE/ACM International Conference on Automated Software Engineering,2013,ASE 2013,ASE,11-Nov-2013,15-Nov-2013,254,43,16.93%,Pala Alto,California,USA,Automated software Engineering,Conference,http://www.ase2013.org/,,,IEEE,Adesso
IEEE/ACM International Conference on Automated Software Engineering,2012,ASE 2012,ASE,3-Sep-2012,7-Sep-2012,138,47,34.06%,Essen,,Germany,Automated software Engineering,Conference,http://www.ase-conferences.org/ase/past/ase2012/index.html,,,IEEE,IEEE
IEEE/ACM International Conference on Automated Software Engineering,2011,ASE 2011,ASE,6-Nov-2011,12-Nov-2011,252,37,15%,"Lawrence,Kan",,USA,Automated software Engineering,Conference,http://ase-conferences.org/ase/past/ase2011/www.continuinged.ku.edu/programs/ase/index.html,,,IEEE,IEEE
IEEE/ACM International Conference on Automated Software Engineering,2010,ASE 2010,ASE,20-Sep-2010,24-Sep-2010,190,33,17.37%,Antwerp,,Belgium,Automated software Engineering,Conference,https://soft.vub.ac.be/ase2010/,,,IEEE,CCI
IEEE/ACM International Conference on Automated Software Engineering,2009,ASE 2009,ASE,16-Nov-2009,20-Nov-2009,222,38,17%,Auckland,,New zealand,Automated software Engineering,Conference,http://ase-conferences.org/ase/past/ase2009/,,,IEEE,
IEEE/ACM International Conference on Automated Software Engineering,2008,ASE 2008,ASE,15-Sep-2008,19-Sep-2008,280,34,12%,Washington DC,,USA,Automated software Engineering,Conference,https://dl.acm.org/citation.cfm?id=1642931,,,IEEE,
IEEE/ACM International Conference on Automated Software Engineering,2007,ASE 2007,ASE,5-Nov-2007,9-Nov-2007,312,37,12%,Atlanta,,USA,Automated software Engineering,Conference,http://ase-conferences.org/ase/past/ase2007/,,,IEEE,
IEEE/ACM International Conference on Automated Software Engineering,2006,ASE 2006,ASE,18-Sep-2006,22-Sep-2006,121,22,18%,Tokyo,,Japan,Automated software Engineering,Conference,http://ase-conferences.org/ase/past/ase2006/,,,IEEE,
IEEE/ACM International Conference on Automated Software Engineering,2005,ASE 2005,ASE,7-Nov-2005,11-Nov-2005,291,28,9.62%,Long Beach,California,USA,Automated software Engineering,Conference,https://dblp.org/db/conf/kbse/ase2005,,,IEEE,
IEEE/ACM International Conference on Automated Software Engineering,2004,ASE 2004,ASE,20-Sep-2004,24-Sep-2004,183,25,14%,Linz,,Austria,Automated software Engineering,Conference,http://ase-conferences.org/ase/past/ase2004/,,,IEEE,
IEEE/ACM International Conference on Automated Software Engineering,2003,ASE 2003,ASE,6-Oct-2003,10-Oct-2003,170,22,13%,Montreal,,Canada,Automated software Engineering,Conference,https://dblp.org/db/conf/kbse/ase2003,,,IEEE,
IEEE/ACM International Conference on Automated Software Engineering,2002,ASE 2002,ASE,23-Sep-2002,27-Sep-2002,94,19,20%,Edinburgh,,UK,Automated software Engineering,Conference,http://ase-conferences.org/ase/past/ase2002/,,,IEEE,
IEEE/ACM International Conference on Automated Software Engineering,2001,ASE 2001,ASE,26-Nov-2001,29-Nov-2201,164,32,20%,sandiego,,USA,Automated software Engineering,Conference,vpr2018.thecvf.com,,,IEEE,
IEEE/ACM International Conference on Automated Software Engineering,2000,ASE 2000,ASE,11-Sep-2000,15-Sep-2000,100,23,23%,Washington DC,,USA,Automated software Engineering,Conference,https://dl.acm.org/citation.cfm?id=786990,,,IEEE,
IEEE/ACM International Conference on Automated Software Engineering,1999,ASE 1999,ASE,12-Oct-1999,15-Oct-1999,123,25,20%,COCO Beach,Florida,USA,Automated software Engineering,Conference,http://ase-conferences.org/ase/past/ase99/,,,IEEE,
IEEE/ACM International Conference on Automated Software Engineering,1998,ASE 1998,ASE,13-Oct-1998,16-Oct-1998,150,24,16%,Honolulu,Hawaii,USA,Automated software Engineering,Conference,http://ase-conferences.org/ase/past/ase98/,,,IEEE,
IEEE/ACM International Conference on Automated Software Engineering,1997,ASE 1997,ASE,1-Nov-1997,5-Nov-1997,108,32,30%,Incline Village,,USA,Automated software Engineering,Conference,http://ase-conferences.org/ase/past/ase97/,,,IEEE,
"Knowledge-Based Software Engineering Conference,",1996,KBSE 1996,KBSE,25-Sep-1996,28-Sep-1996,,,,Syracuse,,USA,Knowledge based Software Engineering,Conference,https://en.wikipedia.org/wiki/International_Conference_on_Automated_Software_Engineering,,,IEEE,
"Knowledge-Based Software Engineering Conference,",1995,KBSE 1995,KBSE,12-Nov-1995,15-Nov-1995,,,,Boston,,USA,Knowledge based Software Engineering,Conference,https://en.wikipedia.org/wiki/International_Conference_on_Automated_Software_Engineering,,,IEEE,
"Knowledge-Based Software Engineering Conference,",1994,KBSE 1994,KBSE,20-Sep-1994,23-Sep-1994,,,,Monterey,,USA,Knowledge based Software Engineering,Conference,https://en.wikipedia.org/wiki/International_Conference_on_Automated_Software_Engineering,,,IEEE,
"Knowledge-Based Software Engineering Conference,",1993,KBSE 1993,KBSE,20-Sep-1993,23-Sep-1993,,,,chicago,,USA,Knowledge based Software Engineering,Conference,https://en.wikipedia.org/wiki/International_Conference_on_Automated_Software_Engineering,,,IEEE,
"Knowledge-Based Software Engineering Conference,",1992,KBSE 1992,KBSE,20-Sep-1992,23-Sep-1992,,,,McLean,,USA,Knowledge based Software Engineering,Conference,https://en.wikipedia.org/wiki/International_Conference_on_Automated_Software_Engineering,,,IEEE,
"Knowledge-Based Software Engineering Conference,",1991,KBSE 1991,KBSE,22-Sep-1991,25-Sep-1991,,,,Syracuse,,USA,Knowledge based Software Engineering,Conference,https://en.wikipedia.org/wiki/International_Conference_on_Automated_Software_Engineering,,,IEEE,
,,,,,,,,,,,,,,,,,,
,,,,,,,,,,,,,,,,,,
,,,,,,,,,,,,,,,,,,
,,,,,,,,,,,,,,,,,,
,,,,,,,,,,,,,,,,,,
,,,,,,,,,,,,,,,,,,
,,,,,,,,,,,,,,,,,,
,,,,,,,,,,,,,,,,,,
,,,,,,,,,,,,,,,,,,
,,,,,,,,,,,,,,,,,,
,,,,,,,,,,,,,,,,,,
,,,,,,,,,,,,,,,,,,
,,,,,,,,,,,,,,,,,,
,,,,,,,,,,,,,,,,,,
,,,,,,,,,,,,,,,,,,
,,,,,,,,,,,,,,,,,,
,,,,,,,,,,,,,,,,,,
,,,,,,,,,,,,,,,,,,
