Title,Event[Start date],Event[Acronym],Event[Series],Event[Start date],Event[End date],Event[Submitted paper],Event[Accepted paper],Event[submission Rate],Event[city],Event[state],Event[country],Event[Field],Event[Type],Event[Homepage],,,Event[Sponsors],Event[Publisher]
ACM Conference on Computer-Supported Cooperative Work and Social Computing,2018,CSCW 2018,CSCW,3-Nov-2018,7-Nov-2018,,,,NewYork,,USA,Computer-Supported Cooperative Work and Social Computing,Conference,http://cscw.acm.org/2018/,,,Facebook,ACM
ACM Conference on Computer-Supported Cooperative Work and Social Computing,2017,CSCW 2017,CSCW,25-Feb-2017,1-Mar-2017,530,183,34.53%,Portland,,USA,Computer-Supported Cooperative Work and Social Computing,Conference,https://dl.acm.org/citation.cfm?id=2998181,,,SIGCHI,ACM
ACM Conference on Computer-Supported Cooperative Work and Social Computing,2016,CSCW 2016,CSCW,27-Feb-2016,2-Mar-2016,571,142,24.87%,SanFransisco,,USA,Computer-Supported Cooperative Work and Social Computing,Conference,http://cscw.acm.org/2016/,,,SIGCHI,ACM
ACM Conference on Computer-Supported Cooperative Work and Social Computing,2015,CSCW 2015,CSCW,14-Mar-2015,18-Mar-2015,575,161,28.00%,Vancouver,BC,Canada,Computer-Supported Cooperative Work and Social Computing,Conference,http://cscw.acm.org/2015/,,,SIGCHI,ACM
ACM Conference on Computer-Supported Cooperative Work and Social Computing,2014,CSCW 2014,CSCW,15-Feb-2014,19-Feb-2014,497,134,27%,Baltimore,Maryland,USA,Computer-Supported Cooperative Work and Social Computing,Conference,https://cscw.acm.org/2014/,,,NSF,ACM
ACM Conference on Computer-Supported Cooperative Work and Social Computing,2013,CSCW 2013,CSCW,23-Feb-2013,27-Feb-2013,390,139,35.64%,San Antonio,Texas,USA,Computer-Supported Cooperative Work and Social Computing,Conference,https://cscw.acm.org/2013/,,,SIGCHI,ACM
ACM Conference on Computer-Supported Cooperative Work and Social Computing,2012,CSCW 2012,CSCW,11-Feb-2012,15-Feb-2012,290,127,43.79%,Seattle,Washigton,USA,Computer-Supported Cooperative Work and Social Computing,Conference,http://cscw2012.org/,,,SIGCHI,ACM
ACM Conference on Computer-Supported Cooperative Work and Social Computing,2011,CSCW 2011,CSCW,19-Mar-2011,23-Mar-2011,264,58,21.97%,Hangzhou,,China,Computer-Supported Cooperative Work and Social Computing,Conference,http://cscw2011.org/,,,NSF,ACM
ACM Conference on Computer-Supported Cooperative Work and Social Computing,2010,CSCW 2010,CSCW,6-Feb-2010,10-Feb-2010,288,58,20%,Savannah,Georgia,USA,Computer-Supported Cooperative Work and Social Computing,Conference,http://cscw2010.org/,,,SIGCHI,ACM
ACM Conference on Computer-Supported Cooperative Work and Social Computing,2009,CSCW 2009,CSCW,22-Apr-2009,24-Apr-2009,110,35,31.82%,Santiago,,USA,Computer-Supported Cooperative Work and Social Computing,Conference,http://2009.cscwd.org/,,,SIGCHI,ACM
ACM Conference on Computer-Supported Cooperative Work and Social Computing,2008,CSCW 2008,CSCW,8-Nov-2008,12-Nov-2008,370,86,23.24%,New York,,USA,Computer-Supported Cooperative Work and Social Computing,Conference,https://dl.acm.org/citation.cfm?id=1460563&picked=prox,,,,ACM
ACM Conference on Computer-Supported Cooperative Work and Social Computing,2007,CSCW 2007,CSCW,4-Nov-2007,7-Nov-2007,132,38,28.79%,Sanibel Isand,,USA,Computer-Supported Cooperative Work and Social Computing,Conference,https://dl.acm.org/citation.cfm?id=1316624,,,,ACM
ACM Conference on Computer-Supported Cooperative Work and Social Computing,2006,CSCW 2006,CSCW,4-Nov-2006,8-Nov-2006,304,62,20%,Banff,Aberta,Canada,Computer-Supported Cooperative Work and Social Computing,Conference,http://www.cscw2006.org/index.html,,,,ACM
ACM Conference on Computer-Supported Cooperative Work and Social Computing,2004,CSCW 2004,CSCW,6-Nov-2004,10-Nov-2004,176,53,30%,chicago,,USA,Computer-Supported Cooperative Work and Social Computing,Conference,https://dl.acm.org/citation.cfm?id=1031607,,,,ACM
ACM Conference on Computer-Supported Cooperative Work and Social Computing,2002,CSCW 2002,CSCW,16-Nov-2002,20-Nov-2002,193,39,20%,New Orleans,LA,USA,Computer-Supported Cooperative Work and Social Computing,Conference,https://dl.acm.org/citation.cfm?id=587078,,,,ACM
ACM Conference on Computer-Supported Cooperative Work and Social Computing,2000,CSCW 2000,CSCW,2-Dec-2000,6-Dec-2000,199,36,18%,Philadelphia,PA,USA,Computer-Supported Cooperative Work and Social Computing,Conference,https://dl.acm.org/citation.cfm?id=358916,,,,ACM
ACM Conference on Computer-Supported Cooperative Work and Social Computing,1998,CSCW 1998,CSCW,14-Nov-1998,18-Nov-1998,220,41,19%,Seattle,WA,USA,Computer-Supported Cooperative Work and Social Computing,Conference,https://dl.acm.org/citation.cfm?id=289444,,,,ACM
ACM Conference on Computer-Supported Cooperative Work and Social Computing,1996,CSCW 1996,CSCW,16-Nov-1996,20-Nov-1996,,,,Boston,MA,USA,Computer-Supported Cooperative Work and Social Computing,Conference,https://dl.acm.org/citation.cfm?id=240080,,,,ACM
ACM Conference on Computer-Supported Cooperative Work and Social Computing,1994,CSCW 1994,CSCW,22-Oct-1994,26-Oct-1994,200,42,21%,Chapel Hill,Caifornia,USA,Computer-Supported Cooperative Work and Social Computing,Conference,https://dl.acm.org/citation.cfm?id=192844,,,,ACM
ACM Conference on Computer-Supported Cooperative Work and Social Computing,1992,CSCW 1992,CSCW,1-Nov-1992,4-Nov-1992,,,,Toronto,ON,Canada,Computer-Supported Cooperative Work and Social Computing,Conference,https://dl.acm.org/citation.cfm?id=143457,,,,ACM
ACM Conference on Computer-Supported Cooperative Work and Social Computing,1990,CSCW 1990,CSCW,7-Oct-1990,10-Oct-1990,,,,Los Angeles,CA,USA,Computer-Supported Cooperative Work and Social Computing,Conference,https://dl.acm.org/citation.cfm?id=99332,,,,ACM
ACM Conference on Computer-Supported Cooperative Work and Social Computing,1988,CSCW 1988,CSCW,26-Sep-1988,28-Sep-1988,,,,Portland,OR,USA,Computer-Supported Cooperative Work and Social Computing,Conference,https://dl.acm.org/citation.cfm?id=62266,,,,ACM
ACM Conference on Computer-Supported Cooperative Work and Social Computing,1986,CSCW 1986,CSCW,3-Dec-1986,5-Dec-1986,80,30,38%,Austin,Texas,USA,Computer-Supported Cooperative Work and Social Computing,Conference,https://dl.acm.org/citation.cfm?id=637069,,,,ACM
