Title,Event[Start date],Event[Acronym],Event[Series],Event[Start date],Event[End date],Event[Submitted paper],Event[Accepted paper],Event[submission Rate],Event[city],Event[state],Event[country],Event[Field],Event[Type],Event[Homepage],EVENT[PUBLISHER],Event[Sponsor]
European Symposium on Research in Computer Security,2018,ESORICS 2018,ESORICS,3-Sep-2018,7-Sep-2018,283,56,19.79%,Barcelona,,Italy,Computer Security,Symposium,http://conf.laas.fr/esorics/,Springer,SCYTL
European Symposium on Research in Computer Security,2017,ESORICS 2017,ESORICS,11-Sep-2017,15-Sep-2017,338,54,15.98%,Oslo,,Norway,Computer Security,Symposium,https://www.ntnu.edu/esorics2017,Springer,NTNU CCIS
European Symposium on Research in Computer Security,2016,ESORICS 2016,ESORICS,26-Sep-2016,30-Sep-2016,285,60,21.05%,Heraklion,,greece,Computer Security,Symposium,https://www.ics.forth.gr/esorics2016/,Springer,HUAWEI
European Symposium on Research in Computer Security,2015,ESORICS 2015,ESORICS,21-Sep-2015,25-Sep-2015,293,59,20.14%,Vienna,,Austria,Computer Security,Symposium,http://esorics2015.sba-research.org/,Springer,HUAWEI
European Symposium on Research in Computer Security,2014,ESORICS 2014,ESORICS,7-Sep-2014,11-Sep-2014,234,58,24.79%,Wroclaw,,Poland,Computer Security,Symposium,http://www.wikicfp.com/cfp/servlet/event.showcfp?eventid=34286&copyownerid=15828,Springer,GOOGLE
European Symposium on Research in Computer Security,2013,ESORICS 2013,ESORICS,9-Sep-2013,13-Sep-2013,242,43,17.77%,RHUL,Egham,UK,Computer Security,Symposium,http://esorics2013.isg.rhul.ac.uk/,Springer,CESG
European Symposium on Research in Computer Security,2012,ESORICS 2012,ESORICS,10-Sep-2012,14-Sep-2012,248,50,20.16%,Pisa,,Italy,Computer Security,Symposium,https://www.iit.cnr.it/esorics2012/,Springer,IIT
European Symposium on Research in Computer Security,2011,ESORICS 2011,ESORICS,12-Sep-2011,14-Sep-2011,155,36,23.23%,Leuven,,Belgium,Computer Security,Symposium,https://www.cosic.esat.kuleuven.be/esorics2011/,Springer,GOOGLE
European Symposium on Research in Computer Security,2010,ESORICS 2010,ESORICS,20-Sep-2010,22-Sep-2010,201,42,20.90%,Athens,,greece,Computer Security,Symposium,https://link.springer.com/book/10.1007/978-3-642-15497-3,Springer,GOOGLE
European Symposium on Research in Computer Security,2009,ESORICS 2009,ESORICS,21-Sep-2009,23-Sep-2009,220,42,19.09%,Saint-Malo,,France,Computer Security,Symposium,https://link.springer.com/conference/esorics,Springer,CG35
European Symposium on Research in Computer Security,2008,ESORICS 2008,ESORICS,6-Oct-2008,8-0ct-2008,168,37,22.02%,Malaga,,Spain,Computer Security,Symposium,https://link.springer.com/conference/esorics,Springer,
European Symposium on Research in Computer Security,2007,ESORICS 2007,ESORICS,24-Sep-2007,26-Sep-2007,164,39,23.78%,Dresden,,Germany,Computer Security,Symposium,https://link.springer.com/conference/esorics,Springer,
European Symposium on Research in Computer Security,2006,ESORICS 2006,ESORICS,18-Sep-2006,20-Sep-2006,160,32,20.00%,Hamburg,,Germany,Computer Security,Symposium,https://link.springer.com/conference/esorics,Springer,
European Symposium on Research in Computer Security,2005,ESORICS 2005,ESORICS,12-Sep-2005,15-Sep-2005,159,27,17%,Milan,,Italy,Computer Security,Symposium,https://link.springer.com/conference/esorics,Springer,
European Symposium on Research in Computer Security,2004,ESORICS 2004,ESORICS,13-Sep-2004,15-Sep-2004,159,27,17%,sophia Antipolis,,France,Computer Security,Symposium,https://link.springer.com/conference/esorics,Springer,
European Symposium on Research in Computer Security,2003,ESORICS 2003,ESORICS,13-Oct-2003,15-Oct-2003,114,19,16.67%,Gjovik,,Norway,Computer Security,Symposium,https://link.springer.com/conference/esorics,Springer,
European Symposium on Research in Computer Security,2002,ESORICS 2002,ESORICS,14-Oct-2002,16-Oct-2002,83,19,22.89%,Zurich,,switzerland,Computer Security,Symposium,https://link.springer.com/conference/esorics,Springer,
European Symposium on Research in Computer Security,2000,ESORICS 2000,ESORICS,4-Oct-2000,6-Oct-2000,75,19,25.33%,Toulouse,,France,Computer Security,Symposium,https://link.springer.com/conference/esorics,Springer,
European Symposium on Research in Computer Security,1998,ESORICS 1998,ESORICS,16-Sep-1998,18-Sep-1998,57,24,42.11%,Louvain-la-Neuve,,Belgium,Computer Security,Symposium,https://link.springer.com/book/10.1007/BFb0055851,Springer,
European Symposium on Research in Computer Security,1996,ESORICS 1996,ESORICS,25-Sep-1996,27-Sep-1996,58,21,36.21%,Rome,,Italy,Computer Security,Symposium,https://link.springer.com/book/10.1007/3-540-61770-1,Springer,
European Symposium on Research in Computer Security,1994,ESORICS 1994,ESORICS,7-Nov-1994,9-Nov-1994,79,26,32.91%,Brighton,,UK,Computer Security,Symposium,https://link.springer.com/conference/esorics,Springer,
European Symposium on Research in Computer Security,1992,ESORICS 1992,ESORICS,23-Nov-1992,25-Nov-1992,,,,Toulouse,,France,Computer Security,Symposium,https://link.springer.com/conference/esorics,Springer,
,,,,,,,,,,,,,,,,
,,,,,,,,,,,,,,,,
,,,,,,,,,,,,,,,,
,,,,,,,,,,,,,,,,
,,,,,,,,,,,,,,,,
,,,,,,,,,,,,,,,,
,,,,,,,,,,,,,,,,
,,,,,,,,,,,,,,,,
,,,,,,,,,,,,,,,,
,,,,,,,,,,,,,,,,
,,,,,,,,,,,,,,,,
,,,,,,,,,,,,,,,,
