Title,Event[Start date],Event[Acronym],Event[Series],Event[Start date],Event[End date],Event[Submitted papers],Event[Accepted papers],Event[Submission Rate],Event[City],Event[State],Event[Country],Event[Field],Event[Type],Event[Homepage],Event[Publisher],Event[Sponsors],,,,,,,,,
SIGGRAPH 2018,2018,SIGGRAPH 2018,SIGGRAPH,12-Aug-2018,16-Aug-2018,,,,Vancouver,,Canada,Graphics and Interactive Techniques,Conference,s2018.siggraph.org/,ACM,DELL,,,,,,,,,
SIGGRAPH 2017,2017,SIGGRAPH 2017,SIGGRAPH,30-Jul-2017,3-Aug-2017,439,127,0.28929385,Los Angeles,California,USA,Graphics and Interactive Techniques,Conference,s2017.siggraph.org/,ACM,HP,,,,,,,,,
SIGGRAPH 2016,2016,SIGGRAPH 2016,SIGGRAPH,24-Jul-2016,28-Jul-2016,467,119,0.254817987,Anaheim,California,USA,Graphics and Interactive Techniques,Conference,s2016.siggraph.org/,ACM,Intel,,,,,,,,,
SIGGRAPH 2015,2015,SIGGRAPH 2015,SIGGRAPH,9-Aug-2015,13-Aug-2015,462,118,0.255411255,Los Angeles,California,USA,Graphics and Interactive Techniques,Conference,s2015.siggraph.org/,ACM,Intel,,,,,,,,,
SIGGRAPH 2014,2014,SIGGRAPH 2014,SIGGRAPH,10-Aug-2014,14-Aug-2014,505,127,0.251485149,Vancouver,,Canada,Graphics and Interactive Techniques,Conference,s2014.siggraph.org/,ACM,Intel,,,,,,,,,
SIGGRAPH 2013,2013,SIGGRAPH 2013,SIGGRAPH,21-Jul-2013,25-Jul-2013,480,115,0.239583333,Anaheim,California,USA,Graphics and Interactive Techniques,Conference,s2013.siggraph.org/,ACM,Intel,,,,,,,,,
SIGGRAPH 2012,2012,SIGGRAPH 2012,SIGGRAPH,5-Aug-2012,9-Aug-2012,449,94,0.20935412,Los Angeles,California,USA,Graphics and Interactive Techniques,Conference,s2012.siggraph.org/,ACM,Intel,,,,,,,,,
SIGGRAPH 2011,2011,SIGGRAPH 2011,SIGGRAPH,7-Aug-2011,11-Aug-2011,432,82,0.189814815,Vancouver,,Canada,Graphics and Interactive Techniques,Conference,www.siggraph.org/s2011/,ACM,DELL,,,,,,,,,
SIGGRAPH 2010,2010,SIGGRAPH 2010,SIGGRAPH,26-Jul-2010,30-Jul-2010,390,103,0.264102564,Los Angeles,California,USA,Graphics and Interactive Techniques,Conference,www.siggraph.org/s2010/,ACM,Sony,,,,,,,,,
SIGGRAPH 2009,2009,SIGGRAPH 2009,SIGGRAPH,3-Aug-2009,7-Aug-2009,439,78,0.177676538,New Orleans,Louisiana,USA,Graphics and Interactive Techniques,Conference,www.siggraph.org/s2009/,ACM,ACM,,,,,,,,,
SIGGRAPH 2008,2008,SIGGRAPH 2008,SIGGRAPH,11-Aug-2008,15-Aug-2008,518,90,0.173745174,Los Angeles,California,USA,Graphics and Interactive Techniques,Conference,www.siggraph.org/s2008/,ACM,,,,,,,,,,
SIGGRAPH 2007,2007,SIGGRAPH 2007,SIGGRAPH,5-Aug-2007,9-Aug-2007,455,108,0.237362637,San Diego,California,USA,Graphics and Interactive Techniques,Conference,www.siggraph.org/s2007/,ACM,,,,,,,,,,
SIGGRAPH 2006,2006,SIGGRAPH 2006,SIGGRAPH,30-Jul-2006,3-Aug-2006,474,86,0.181434599,Boston,Massachusetts,USA,Graphics and Interactive Techniques,Conference,www.siggraph.org/s2006/,ACM,,,,,,,,,,
SIGGRAPH 2005,2005,SIGGRAPH 2005,SIGGRAPH,31-Jul-2005,4-Aug-2005,461,98,0.212581345,Los Angeles,California,USA,Graphics and Interactive Techniques,Conference,www.siggraph.org/s2005/,ACM,,,,,,,,,,
SIGGRAPH 2004,2004,SIGGRAPH 2004,SIGGRAPH,8-Aug-2004,12-Aug-2004,478,83,0.173640167,Los Angeles,California,USA,Graphics and Interactive Techniques,Conference,www.siggraph.org/s2004/,ACM,,,,,,,,,,
SIGGRAPH 2003,2003,SIGGRAPH 2003,SIGGRAPH,27-Jul-2003,31-Jul-2003,424,81,0.191037736,San Diego,California,USA,Graphics and Interactive Techniques,Conference,www.siggraph.org/s2003/,ACM,,,,,,,,,,
SIGGRAPH 2002,2002,SIGGRAPH 2002,SIGGRAPH,23-Jul-2002,26-Jul-2002,358,67,0.187150838,San Antonio,Texas,USA,Graphics and Interactive Techniques,Conference,www.siggraph.org/s2002/,ACM,,,,,,,,,,
SIGGRAPH 2001,2001,SIGGRAPH 2001,SIGGRAPH,12-Aug-2001,17-Aug-2001,300,65,0.216666667,Los Angeles,California,USA,Graphics and Interactive Techniques,Conference,www.siggraph.org/s2001/,ACM,,,,,,,,,,
SIGGRAPH 2000,2000,SIGGRAPH 2000,SIGGRAPH,23-Jul-2000,27-Jul-2000,304,59,0.194078947,New Orleans,Louisiana,USA,Graphics and Interactive Techniques,Conference,www.siggraph.org/s2000/,ACM,,,,,,,,,,
SIGGRAPH 1999,1999,SIGGRAPH 1999,SIGGRAPH,8-Aug-1999,13-Aug-1999,320,52,0.1625,Los Angeles,California,USA,Graphics and Interactive Techniques,Conference,www.siggraph.org/s99/,ACM,,,,,,,,,,
SIGGRAPH 1998,1998,SIGGRAPH 1998,SIGGRAPH,19-Jul-1998,24-Jul-1998,303,45,0.148514851,Orlando,Florida,USA,Graphics and Interactive Techniques,Conference,www.siggraph.org/s98/,ACM,,,,,,,,,,
SIGGRAPH 1997,1997,SIGGRAPH 1997,SIGGRAPH,3-Aug-1997,8-Aug-1997,265,48,0.181132075,Los Angeles,California,USA,Graphics and Interactive Techniques,Conference,www.siggraph.org/s97/,ACM,,,,,,,,,,
SIGGRAPH 1996,1996,SIGGRAPH 1996,SIGGRAPH,4-Aug-1996,9-Aug-1996,247,52,0.210526316,New Orleans,Louisiana,USA,Graphics and Interactive Techniques,Conference,www.siggraph.org/conferences/siggraph96/,ACM,,,,,,,,,,
SIGGRAPH 1995,1995,SIGGRAPH 1995,SIGGRAPH,6-Aug-1995,11-Aug-1995,257,56,0.217898833,Los Angeles,California,USA,Graphics and Interactive Techniques,Conference,www.siggraph.org/s95/,ACM,,,,,,,,,,
SIGGRAPH 1994,1994,SIGGRAPH 1994,SIGGRAPH,24-Jul-1994,29-Jul-1994,242,57,0.23553719,Orlando,Florida,USA,Graphics and Interactive Techniques,Conference,dblp2.uni-trier.de/db/conf/siggraph/siggraph1994.html,ACM,,,,,,,,,,
SIGGRAPH 1993,1993,SIGGRAPH 1993,SIGGRAPH,2-Aug-1993,6-Aug-1993,225,46,0.204444444,Anaheim,California,USA,Graphics and Interactive Techniques,Conference,dblp2.uni-trier.de/db/conf/siggraph/siggraph1993.html,ACM,,,,,,,,,,
SIGGRAPH 1992,1992,SIGGRAPH 1992,SIGGRAPH,27-Jul-1992,31-Jul-1992,213,45,0.211267606,Chicago,Illinois,USA,Graphics and Interactive Techniques,Conference,dblp2.uni-trier.de/db/conf/siggraph/siggraph1992.html,ACM,,,,,,,,,,
SIGGRAPH 1991,1991,SIGGRAPH 1991,SIGGRAPH,27-Apr-1991,30-Apr-1991,,46,,Providence,,USA,Graphics and Interactive Techniques,Conference,dblp2.uni-trier.de/db/conf/siggraph/siggraph1991.html,ACM,,,,,,,,,,
SIGGRAPH 1990,1990,SIGGRAPH 1990,SIGGRAPH,6-Aug-1990,10-Aug-1990,210,43,0.204761905,Dallas,Texas,USA,Graphics and Interactive Techniques,Conference,dblp2.uni-trier.de/db/conf/siggraph/siggraph1990.html,ACM,,,,,,,,,,
SIGGRAPH 1989,1989,SIGGRAPH 1989,SIGGRAPH,31-Jul-1989,4-Aug-1989,190,38,0.2,Boston,Massachusetts,USA,Graphics and Interactive Techniques,Conference,dblp2.uni-trier.de/db/conf/siggraph/siggraph1989.html,ACM,,,,,,,,,,
SIGGRAPH 1988,1988,SIGGRAPH 1988,SIGGRAPH,1-Aug-1988,5-Aug-1988,161,34,0.211180124,Atlanta,Georgia,USA,Graphics and Interactive Techniques,Conference,dblp2.uni-trier.de/db/conf/siggraph/siggraph1988.html,ACM,,,,,,,,,,
SIGGRAPH 1987,1987,SIGGRAPH 1987,SIGGRAPH,27-Jul-1987,31-Jul-1987,140,33,0.235714286,Anaheim,California,USA,Graphics and Interactive Techniques,Conference,dblp2.uni-trier.de/db/conf/siggraph/siggraph1987.html,ACM,,,,,,,,,,
SIGGRAPH 1986,1986,SIGGRAPH 1986,SIGGRAPH,18-Aug-1986,22-Aug-1986,,,,Dallas,Texas,USA,Graphics and Interactive Techniques,Conference,dblp2.uni-trier.de/db/conf/siggraph/siggraph1986.html,ACM,,,,,,,,,,
SIGGRAPH 1985,1985,SIGGRAPH 1985,SIGGRAPH,22-Jul-1985,26-Jul-1985,175,35,0.2,San Francisco,California,USA,Graphics and Interactive Techniques,Conference,dblp2.uni-trier.de/db/conf/siggraph/siggraph1985.html,ACM,,,,,,,,,,
SIGGRAPH 1984,1984,SIGGRAPH 1984,SIGGRAPH,23-Jul-1984,27-Jul-1984,118,41,0.347457627,Minneapolis,Minnesota,USA,Graphics and Interactive Techniques,Conference,dblp2.uni-trier.de/db/conf/siggraph/siggraph1984.html,ACM,,,,,,,,,,
SIGGRAPH 1983,1983,SIGGRAPH 1983,SIGGRAPH,25-Jul-1983,29-Jul-1983,,,,Detroit,Michigan,USA,Graphics and Interactive Techniques,Conference,dblp2.uni-trier.de/db/conf/siggraph/siggraph1983.html,ACM,,,,,,,,,,
SIGGRAPH 1982,1982,SIGGRAPH 1982,SIGGRAPH,26-Jul-1982,30-Jul-1982,,,,Boston,Massachusetts,USA,Graphics and Interactive Techniques,Conference,dblp2.uni-trier.de/db/conf/siggraph/siggraph1982.html,ACM,,,,,,,,,,
SIGGRAPH 1981,1981,SIGGRAPH 1981,SIGGRAPH,3-Aug-1981,7-Aug-1981,132,38,0.287878788,Dallas,Texas,USA,Graphics and Interactive Techniques,Conference,dblp2.uni-trier.de/db/conf/siggraph/siggraph1981.html,ACM,,,,,,,,,,
SIGGRAPH 1980,1980,SIGGRAPH 1980,SIGGRAPH,14-Jul-1980,17-Jul-1980,140,52,0.371428571,Seattle,Washington,USA,Graphics and Interactive Techniques,Conference,dblp2.uni-trier.de/db/conf/siggraph/siggraph1980.html,ACM,,,,,,,,,,
SIGGRAPH 1979,1979,SIGGRAPH 1979,SIGGRAPH,8-Aug-1979,10-Aug-1979,110,43,0.390909091,Chicago,Illinois,USA,Graphics and Interactive Techniques,Conference,dblp2.uni-trier.de/db/conf/siggraph/siggraph1979.html,ACM,,,,,,,,,,
SIGGRAPH 1978,1978,SIGGRAPH 1978,SIGGRAPH,23-Aug-1978,25-Aug-1978,120,64,0.533333333,Atlanta,Georgia,USA,Graphics and Interactive Techniques,Conference,dblp2.uni-trier.de/db/conf/siggraph/siggraph1978.html,ACM,,,,,,,,,,
SIGGRAPH 1977,1977,SIGGRAPH 1977,SIGGRAPH,20-Jul-1977,22-Jul-1977,,,,San Jose,California,USA,Graphics and Interactive Techniques,Conference,dblp2.uni-trier.de/db/conf/siggraph/siggraph1977.html,ACM,,,,,,,,,,
SIGGRAPH 1976,1976,SIGGRAPH 1976,SIGGRAPH,14-Jul-1976,16-Jul-1976,,,,Philadelphia,Pennsylvania,USA,Graphics and Interactive Techniques,Conference,dblp2.uni-trier.de/db/conf/siggraph/siggraph1976.html,ACM,,,,,,,,,,
SIGGRAPH 1975,1975,SIGGRAPH 1975,SIGGRAPH,25-Jun-1975,27-Jun-1975,,,,Bowling Green,Ohio,USA,Graphics and Interactive Techniques,Conference,dblp2.uni-trier.de/db/conf/siggraph/siggraph1975.html,ACM,,,,,,,,,,
SIGGRAPH 1974,1974,SIGGRAPH 1974,SIGGRAPH,15-Jul-1974,17-Jul-1974,,,,Boulder,Colorado,USA,Graphics and Interactive Techniques,Conference,dblp2.uni-trier.de/db/conf/siggraph/siggraph1974.html,ACM,,,,,,,,,,
,,,,,,,,,,,,,,,,,,,,,,,,,
,,,,,,,,,,,,,,,,,,,,,,,,,
,,,,,,,,,,,,,,,,,,,,,,,,,
,,,,,,,,,,,,,,,,,,,,,,,,,
,,,,,,,,,,,,,,,,,,,,,,,,,
,,,,,,,,,,,,,,,,,,,,,,,,,
,,,,,,,,,,,,,,,,,,,,,,,,,
,,,,,,,,,,,,,,,,,,,,,,,,,
,,,,,,,,,,,,,,,,,,,,,,,,,
,,,,,,,,,,,,,,,,,,,,,,,,,
,,,,,,,,,,,,,,,,,,,,,,,,,
,,,,,,,,,,,,,,,,,,,,,,,,,
,,,,,,,,,,,,,,,,,,,,,,,,,
,,,,,,,,,,,,,,,,,,,,,,,,,
