Title,Event[Start date],Event[Acronym],Event[Series],Event[Start date],Event[End date],Event[Submitted papers],Event[Accepted papers],Event[Acceptance Rate],Event[City],Event[State],Event[Country],Event[Field],Event[Type],Event[Homepage],Event[Publisher],EVENT[Sponsors]
31st ACM Symposium on USer Interface Software and Technology,2018,UIST 2018,UIST,14-Oct-2018,17-Oct-2018,,,,Berlin,,Germany,Computer Vision,Symposium,uist.acm.org/uist2018/,IEEE,HPI
30th ACM Symposium on USer Interface Software and Technology,2017,UIST 2017,UIST,22-Oct-2017,25-Oct-2017,324,73,22.5%,Quebec City,,Canada,Computer Vision,Symposium,uist.acm.org/uist2017/,IEEE,Autodesk
29th ACM Symposium on USer Interface Software and Technology,2016,UIST 2016,UIST,16-Oct-2016,19-Oct-2016,384,79,20.6%,Tokyo,,Japan,Computer Vision,Symposium,uist.acm.org/uist2016/,IEEE,Autodesk
28th ACM Symposium on USer Interface Software and Technology,2015,UIST 2015,UIST,8-Nov-2015,11-Nov-2015,297,70,23.6%,Charlotte,,USA,Computer Vision,Symposium,uist.acm.org/uist2015/,IEEE,Autodesk
27th ACM Symposium on USer Interface Software and Technology,2014,UIST 2014,UIST,5-Oct-2014,8-Oct-2014,333,74,22.2%,Honolulo,,USA,Computer Vision,Symposium,uist.acm.org/uist2014/,IEEE,Autodesk
26th ACM Symposium on USer Interface Software and Technology,2013,UIST 2013,UIST,8-Oct-2013,11-Oct-2013,317,62,19.6%,St Andrews,Scotland,UK,Computer Vision,Symposium,uist.acm.org/uist2013/,IEEE,Autodesk
25th ACM Symposium on USer Interface Software and Technology,2012,UIST 2012,UIST,7-Oct-2012,10-Oct-2012,288,62,21.5%,Cambridge,,USA,Computer Vision,Symposium,uist.acm.org/uist2012/,IEEE,Autodesk
24th ACM Symposium on USer Interface Software and Technology,2011,UIST 2011,UIST,16-Oct-2011,19-Oct-2011,262,67,25.6%,Santa Barbara,,USA,Computer Vision,Symposium,uist.acm.org/uist2011/,IEEE,Autodesk
23rd ACM Symposium on USer Interface Software and Technology,2010,UIST 2010,UIST,3-Oct-2010,6-Oct-2010,207,38,18.4%,New York,,USA,Computer Vision,Symposium,uist.acm.org/uist2010/,IEEE,Autodesk
22nd ACM Symposium on USer Interface Software and Technology,2009,UIST 2009,UIST,4-Oct-2009,7-Oct-2009,183,33,18.0%,Victoria,,USA,Computer Vision,Symposium,uist.acm.org/uist2009/,IEEE,Autodesk
21st ACM Symposium on USer Interface Software and Technology,2008,UIST 2008,UIST,19-Oct-2008,20-Oct-2008,115,25,21.7%,Montery,,USA,Computer Vision,Symposium,uist.acm.org/uist2008/,IEEE,Autodesk
20th ACM Symposium on USer Interface Software and Technology,2007,UIST 2007,UIST,7-Oct-2007,10-Oct-2007,129,24,18.6%,Newport,,UK,Computer Vision,Symposium,uist.acm.org/uist2007/,IEEE,ACM
19th ACM Symposium on USer Interface Software and Technology,2006,UIST 2006,UIST,15-Oct-2006,18-Oct-2006,177,40,22.6%,Montreux,,Switzerland,Computer Vision,Symposium,uist.acm.org/uist2006/,IEEE,ACM
18th ACM Symposium on USer Interface Software and Technology,2005,UIST 2005,UIST,23-Oct-2005,26-Oct-2005,159,31,19.5%,Seattle,,USA,Computer Vision,Symposium,uist.acm.org/uist2005/,IEEE,ACM
17th ACM Symposium on USer Interface Software and Technology,2004,UIST 2004,UIST,24-Oct-2004,27-Oct-2004,170,36,21.2%,Santa Fe,,USA,Computer Vision,Symposium,uist.acm.org/uist2004/,IEEE,ACM
16th ACM Symposium on USer Interface Software and Technology,2003,UIST 2003,UIST,2-Nov-2003,5-Nov-2003,116,25,21.6%,Vancouver,,Canada,Computer Vision,Symposium,uist.acm.org/uist2003/,IEEE,Microsoft
15th ACM Symposium on USer Interface Software and Technology,2002,UIST 2002,UIST,27-Nov-2002,30-Nov-2002,129,24,18.6%,Paris,,France,Computer Vision,Symposium,uist.acm.org/uist2002/,IEEE,ACM
14th ACM Symposium on USer Interface Software and Technology,2001,UIST 2001,UIST,11-Nov-2001,14-Nov-2001,133,25,18.8%,Orlando,,USA,Computer Vision,Symposium,uist.acm.org/uist2001/,IEEE,ACM
13th ACM Symposium on USer Interface Software and Technology,2000,UIST 2000,UIST,6-Nov-2000,8-Nov-2000,119,26,21.8%,San Diego,,USA,Computer Vision,Symposium,uist.acm.org/uist2000/,IEEE,ACM 
12th ACM Symposium on USer Interface Software and Technology,1999,UIST 1999,UIST,7-Nov-1999,10-Nov-1999,,,,Asheville,,USA,Computer Vision,Symposium,uist.acm.org/uist1999/,IEEE,IBM
11th ACM Symposium on USer Interface Software and Technology,1998,UIST 1998,UIST,1-Nov-1998,4-Nov-1998,,,,San Francisco,,USA,Computer Vision,Symposium,uist.acm.org/uist1998/,IEEE,
10th ACM Symposium on USer Interface Software and Technology,1997,UIST 1997,UIST,14-Oct-1997,17-Oct-1997,,,,Banff,,Canada,Computer Vision,Symposium,uist.acm.org/uist1997/,IEEE,
9th ACM Symposium on USer Interface Software and Technology,1996,UIST 1996,UIST,6-Nov-1996,8-Nov-1996,,,,Seattle,,USA,Computer Vision,Symposium,uist.acm.org/uist1996/,IEEE,
8th ACM Symposium on USer Interface Software and Technology,1995,UIST 1995,UIST,15-Nov-1995,17-Nov-1995,,,,Pittsburgh,,USA,Computer Vision,Symposium,uist.acm.org/uist1995/,IEEE,
7th ACM Symposium on USer Interface Software and Technology,1994,UIST 1994,UIST,2-Nov-1994,4-Nov-1994,,,,Marina del Rey,,USA,Computer Vision,Symposium,uist.acm.org/uist1994/,IEEE,
6th ACM Symposium on USer Interface Software and Technology,1993,UIST 1993,UIST,25-Oct-1993,26-Oct-1993,,,,San Jose,,USA,Computer Vision,Symposium,,IEEE,
5th ACM Symposium on USer Interface Software and Technology,1992,UIST 1992,UIST,15-Nov-1992,18-Nov-1992,,,,Monteray,,USA,Computer Vision,Symposium,,IEEE,
4th ACM Symposium on USer Interface Software and Technology,1991,UIST 1991,UIST,11-Nov-1991,13-Nov-1991,,,,Hilton Head Island,,USA,Computer Vision,Symposium,,IEEE,
3rd ACM Symposium on USer Interface Software and Technology,1990,UIST 1990,UIST,3-Oct-1990,5-Oct-1990,,,,Snowbird,,USA,Computer Vision,Symposium,,IEEE,
2nd ACM Symposium on USer Interface Software and Technology,1989,UIST 1989,UIST,13-Nov-1989,15-Nov-1989,,,,Williamsburg,,USA,Computer Vision,Symposium,,IEEE,
1st ACM Symposium on USer Interface Software and Technology,1988,UIST 1988,UIST,17-Oct-1988,19-Oct-1988,,,,Alberta,,Canada,Computer Vision,Symposium,,IEEE,
,,,,,,,,,,,,,,,,
,,,,,,,,,,,,,,,,
,,,,,,,,,,,,,,,,
,,,,,,,,,,,,,,,,
,,,,,,,,,,,,,,,,
,,,,,,,,,,,,,,,,
,,,,,,,,,,,,,,,,
,,,,,,,,,,,,,,,,
,,,,,,,,,,,,,,,,
,,,,,,,,,,,,,,,,
,,,,,,,,,,,,,,,,
,,,,,,,,,,,,,,,,
,,,,,,,,,,,,,,,,
,,,,,,,,,,,,,,,,
