Title,Event[Start date],Event[Acronym],Event[Series],Event[Start date],Event[End date],Event[Submitted papers],Event[Accepted papers],Event[Acceptance Rate],Event[City],Event[State],Event[Country],Event[Field],Event[Type],Event[Homepage]
23rd Architectural Support for Programming Languages and Operating Systems,2018,ASPLOS 2018,ASPLOS,24-Mar-18,28-Mar-18,,,,Williamsburg,,USA,Software Engineering,Conference,www.asplos2018.org/
22nd Architectural Support for Programming Languages and Operating Systems,2017,ASPLOS 2017,ASPLOS,8-Apr-17,12-Apr-17,320,53,16.60%,Xi'an,,China,Software Engineering,Conference,novel.ict.ac.cn/ASPLOS2017/
21st Architectural Support for Programming Languages and Operating Systems,2016,ASPLOS 2016,ASPLOS,2-Apr-16,6-Apr-16,232,53,22.80%,Atlanta,,USA,Software Engineering,Conference,www.ece.cmu.edu/calcm/asplos2016/
20th Architectural Support for Programming Languages and Operating Systems,2015,ASPLOS 2015,ASPLOS,14-Mar-15,18-Mar-15,287,48,16.70%,Istanbul,,Turkey,Software Engineering,Conference,asplos15.bilkent.edu.tr/
19th Architectural Support for Programming Languages and Operating Systems,2014,ASPLOS 2014,ASPLOS,1-Mar-14,5-Mar-14,217,49,22.60%,Salt Lake City,,USA,Software Engineering,Conference,www.cs.utah.edu/asplos14/
18th Architectural Support for Programming Languages and Operating Systems,2013,ASPLOS 2013,ASPLOS,16-Mar-13,20-Mar-13,193,44,22.80%,Houston,,USA,Software Engineering,Conference,asplos13.rice.edu/
17th Architectural Support for Programming Languages and Operating Systems,2012,ASPLOS 2012,ASPLOS,3-Mar-12,7-Mar-12,172,37,21.50%,London,,UK,Software Engineering,Conference,
16th Architectural Support for Programming Languages and Operating Systems,2011,ASPLOS 2011,ASPLOS,5-Mar-11,11-Mar-11,152,32,21.10%,Newport Beach,,USA,Software Engineering,Conference,asplos11.cs.ucr.edu/
15th Architectural Support for Programming Languages and Operating Systems,2010,ASPLOS 2010,ASPLOS,13-Mar-10,17-Mar-10,181,32,17.70%,Pittsburgh,Pennsylvania,USA,Software Engineering,Conference,www.ece.cmu.edu/CALCM/asplos10/doku.php
14th Architectural Support for Programming Languages and Operating Systems,2009,ASPLOS 2009,ASPLOS,7-Mar-09,11-Mar-09,113,29,25.70%,Washington,,USA,Software Engineering,Conference,www.cs.virginia.edu/asplos09/
13th Architectural Support for Programming Languages and Operating Systems,2008,ASPLOS 2008,ASPLOS,1-Mar-08,5-Mar-08,127,31,24.40%,Seattle,,USA,Software Engineering,Conference,
12th Architectural Support for Programming Languages and Operating Systems,2006,ASPLOS 2006,ASPLOS,21-Oct-06,25-Oct-06,158,38,24.10%,San Jose,California,USA,Software Engineering,Conference,
11th Architectural Support for Programming Languages and Operating Systems,2004,ASPLOS 2004,ASPLOS,7-Oct-04,13-Oct-04,169,24,14.20%,Boston,Massachusetts,USA,Software Engineering,Conference,
10th Architectural Support for Programming Languages and Operating Systems,2002,ASPLOS 2002,ASPLOS,5-Oct-02,9-Oct-02,175,24,13.70%,San Jose,California,USA,Software Engineering,Conference,research.cs.wisc.edu/asplos-X/
9th Architectural Support for Programming Languages and Operating Systems,2000,ASPLOS 2000,ASPLOS,12-Nov-00,15-Nov-00,114,24,21.10%,Cambridge,Massachusetts,USA,Software Engineering,Conference,
8th Architectural Support for Programming Languages and Operating Systems,1998,ASPLOS 1998,ASPLOS,3-Oct-98,7-Oct-98,123,28,22.80%,San Jose,California,USA,Software Engineering,Conference,
7th Architectural Support for Programming Languages and Operating Systems,1996,ASPLOS 1996,ASPLOS,1-Oct-96,5-Oct-96,109,25,22.90%,Cambridge,Massachusetts,USA,Software Engineering,Conference,
6th Architectural Support for Programming Languages and Operating Systems,1994,ASPLOS 1994,ASPLOS,4-Oct-94,7-Oct-94,146,29,19.90%,San Jose,California,USA,Software Engineering,Conference,
5th Architectural Support for Programming Languages and Operating Systems,1992,ASPLOS 1992,ASPLOS,12-Oct-92,15-Oct-92,150,24,16.00%,Boston,Massachusetts,USA,Software Engineering,Conference,
4th Architectural Support for Programming Languages and Operating Systems,1991,ASPLOS 1991,ASPLOS,8-Apr-90,11-Apr-90,92,28,30.40%,Santa Clara,California,USA,Software Engineering,Conference,
3rd Architectural Support for Programming Languages and Operating Systems,1989,ASPLOS 1989,ASPLOS,3-Apr-89,6-Apr-89,114,27,23.70%,Boston,Massachusetts,USA,Software Engineering,Conference,
2nd Architectural Support for Programming Languages and Operating Systems,1987,ASPLOS 1987,ASPLOS,5-Oct-87,8-Oct-87,65,22,33.80%,Palo Alto,California,USA,Software Engineering,Conference,
1st Architectural Support for Programming Languages and Operating Systems,1982,ASPLOS 1982,ASPLOS,1-Mar-82,3-Mar-82,,,,Palo Alto,California,USA,Software Engineering,Conference,
,,,,,,,,,,,,,,
,,,,,,,,,,,,,,
,,,,,,,,,,,,,,
