Title,Event[Start date],Event[Acronym],Event[Series],Event[Start date],Event[End date],Event[Submitted papers],Event[Accepted papers],Event[Submission Rate],Event[City],Event[State],Event[Country],Event[Field],Event[Type],Event[Homepage]
Conference on Learning Theory,2018,COLT 2018,COLT,5-Jul-18,9-Jul-18,,,,Stockholm,,Sweden,Computational Learning Theory,Conference,http://www.learningtheory.org/colt2018/
Conference on Learning Theory,2017,COLT 2017,COLT,7-Jul-17,10-Jul-17,128,28,21.90%,Amsterdam,,Netherlands,Computational Learning Theory,Conference,http://www.learningtheory.org/colt2017/
Conference on Learning Theory,2016,COLT 2016,COLT,23-Jul-16,26-Jul-16,199,63,31.70%,New York,,USA,Computational Learning Theory,Conference,http://www.learningtheory.org/colt2016/
Conference on Learning Theory,2015,COLT 2015,COLT,3-Jun-15,3-Jun-15,176,62,35.20%,Paris,,France,Computational Learning Theory,Conference,http://www.learningtheory.org/colt2015/
Conference on Learning Theory,2014,COLT 2014,COLT,13-Jun-14,15-Jun-14,140,52,37.10%,Barcelona,,Spain,Computational Learning Theory,Conference,https://orfe.princeton.edu/conferences/colt2014/
Conference on Learning Theory,2013,COLT 2013,COLT,12-Jun-13,14-Jun-13,98,47,48.00%,Princeton,,USA,Computational Learning Theory,Conference,https://orfe.princeton.edu/conferences/colt2013/
Conference on Learning Theory,2012,COLT 2012,COLT,25-Jun-12,27-Jun-12,139,41,29.50%,Edinburgh,,Scotland,Computational Learning Theory,Conference,http://www.ttic.edu/colt2012/
Conference on Learning Theory,2011,COLT 2011,COLT,9-Jul-11,11-Jul-11,,36,,Budapest,,Hungary,Computational Learning Theory,Conference,http://www.conferences.hu/colt2011/
Conference on Learning Theory,2010,COLT 2010,COLT,27-Jun-10,29-Jun-10,133,40,30.10%,Haifa,,Israel,Computational Learning Theory,Conference,http://colt2010.haifa.il.ibm.com/
Conference on Learning Theory,2009,COLT 2009,COLT,18-Jun-09,21-Jun-09,,,,Montreal,,Canada,Computational Learning Theory,Conference,http://colt2009.cs.mcgill.ca/
Conference on Learning Theory,2008,COLT 2008,COLT,9-Jul-08,12-Jul-08,126,44,34.90%,Helsinki,,Finland,Computational Learning Theory,Conference,colt2008.cs.helsinki.fi
Conference on Learning Theory,2007,COLT 2007,COLT,13-Jun-07,15-Jun-07,92,41,44.60%,San Diego,,USA,Computational Learning Theory,Conference,http://dblp2.uni-trier.de/db/conf/colt/colt2007.html
Conference on Learning Theory,2006,COLT 2006,COLT,22-Jun-06,25-Jun-06,102,43,42.20%,Pittsburgh,,Pennsylvania,Computational Learning Theory,Conference,http://www.cs.cmu.edu/~COLT06/ 
Conference on Learning Theory,2005,COLT 2005,COLT,27-Jun-05,30-Jun-05,120,45,37.50%,Bertinoro,,Italy,Computational Learning Theory,Conference,http://dblp2.uni-trier.de/db/conf/colt/colt2005.html
Conference on Learning Theory,2004,COLT 2004,COLT,1-Jul-04,4-Jul-04,107,44,41.10%,Banff,,Canada,Computational Learning Theory,Conference,http://dblp2.uni-trier.de/db/conf/colt/colt2004.html
Conference on Learning Theory,2003,COLT 2003,COLT,24-Aug-03,27-Aug-03,92,49,53.30%,Washington,,USA,Computational Learning Theory,Conference,http://dblp2.uni-trier.de/db/conf/colt/colt2003.html
Conference on Learning Theory,2002,COLT 2002,COLT,8-Jul-02,10-Jul-02,55,26,47.30%,Sydney,,Australia,Computational Learning Theory,Conference,http://dblp2.uni-trier.de/db/conf/colt/colt2002.html
Conference on Learning Theory,2001,COLT 2001,COLT,16-Jun-01,19-Jun-01,,,,Amsterdam,,Netherlands,Computational Learning Theory,Conference,http://dblp2.uni-trier.de/db/conf/colt/colt2001.html
Conference on Learning Theory,2000,COLT 2000,COLT,28-Jun-00,1-Jul-00,172,62,36.00%,Palo Alto,California,USA,Computational Learning Theory,Conference,http://dblp2.uni-trier.de/db/conf/colt/colt2000.html
Conference on Learning Theory,1999,COLT 1999,COLT,7-Jul-99,9-Jul-99,71,35,49.30%,Santa Cruz,,USA,Computational Learning Theory,Conference,http://dblp2.uni-trier.de/db/conf/colt/colt1999.html
Conference on Learning Theory,1998,COLT 1998,COLT,24-Jul-98,26-Jul-98,,,,Madison,,USA,Computational Learning Theory,Conference,http://dblp2.uni-trier.de/db/conf/colt/colt1998.html
Conference on Learning Theory,1997,COLT 1997,COLT,6-Jul-97,9-Jul-97,71,35,49.30%,Nashville,,USA,Computational Learning Theory,Conference,http://dblp2.uni-trier.de/db/conf/colt/colt1997.html
Conference on Learning Theory,1996,COLT 1996,COLT,28-Jun-96,1-Jul-96,,,,Desenzano del Garda,,Italy,Computational Learning Theory,Conference,http://dblp2.uni-trier.de/db/conf/colt/colt1996.html
Conference on Learning Theory,1995,COLT 1995,COLT,5-Jul-95,8-Jul-95,,,,Santa Cruz,,USA,Computational Learning Theory,Conference,http://dblp2.uni-trier.de/db/conf/colt/colt1995.html
Conference on Learning Theory,1994,COLT 1994,COLT,12-Jul-94,15-Jul-94,,,,New Brunswick,,USA,Computational Learning Theory,Conference,http://dblp2.uni-trier.de/db/conf/colt/colt1994.html
Conference on Learning Theory,1993,COLT 1993,COLT,26-Jul-93,28-Jul-93,,,,Santa Cruz,,USA,Computational Learning Theory,Conference,http://dblp2.uni-trier.de/db/conf/colt/colt1993.html
Conference on Learning Theory,1992,COLT 1992,COLT,27-Jul-92,29-Jul-92,,,,Pittsburgh,,USA,Computational Learning Theory,Conference,http://dblp2.uni-trier.de/db/conf/colt/colt1992.html
Conference on Learning Theory,1991,COLT 1991,COLT,5-Aug-91,7-Aug-91,,,,Santa Cruz,,USA,Computational Learning Theory,Conference,http://dblp2.uni-trier.de/db/conf/colt/colt1991.html
Conference on Learning Theory,1990,COLT 1990,COLT,6-Aug-90,8-Aug-90,,,,Rochester,,USA,Computational Learning Theory,Conference,http://dblp2.uni-trier.de/db/conf/colt/colt1990.html
Conference on Learning Theory,1989,COLT 1989,COLT,31-Jul-89,2-Aug-89,,,,Santa Cruz,,USA,Computational Learning Theory,Conference,http://dblp2.uni-trier.de/db/conf/colt/colt1989.html
Conference on Learning Theory,1988,COLT 1988,COLT,3-Aug-88,5-Aug-88,,,,MIT,,USA,Computational Learning Theory,Conference,http://dblp2.uni-trier.de/db/conf/colt/colt1988.html
,,,,,,,,,,,,,,
,,,,,,,,,,,,,,
,,,,,,,,,,,,,,
,,,,,,,,,,,,,,
,,,,,,,,,,,,,,
