Title,Event[Start date],Event[Acronym],Event[Series],Event[Start date],Event[End date],Event[Submitted papers],Event[Accepted papers],Event[Acceptance Rate],Event[City],Event[State],Event[Country],Event[Field],Event[Type],Event[Homepage]
15th European Semantic Web Conference,2018,ESWC 2018,ESWC,6-Mar-18,6-Jul-18,,,,Heraklion,Crete,Greece,Web,Conference,2018.eswc-conferences.org/
14th European Semantic Web Conference,2017,ESWC 2017,ESWC,28-May-17,6-Jan-17,197,61,31.00%,Portoroz,Slovenia,Balkans,Web,Conference,2017.eswc-conferences.org/
13th European Semantic Web Conference,2016,ESWC 2016,ESWC,29-Feb-16,6-Feb-16,204,47,23.00%,Anissaras,Crete,Greece,Web,Conference,2016.eswc-conferences.org/
12th European Semantic Web Conference,2015,ESWC 2015,ESWC,31-May-15,6-Apr-15,145,33,22.80%,Portoroz,Slovenia,Balkans,Web,Conference,2015.eswc-conferences.org/
11th European Semantic Web Conference,2014,ESWC 2014,ESWC,25-May-14,29/05/2014,178,41,23.00%,Heraklion,Crete,Greece,Web,Conference,2014.eswc-conferences.org/
10th European Semantic Web Conference,2013,ESWC 2013,ESWC,26-May-13,30/05/2013,162,37,22.80%,Montpellier,,France,Web,Conference,2013.eswc-conferences.org/
9th European Semantic Web Conference,2012,ESWC 2012,ESWC,27-May-12,31/05/2012,212,53,25.00%,Heraklion,Crete,Greece,Web,Conference,2012.eswc-conferences.org/
8th European Semantic Web Conference,2011,ESWC 2011,ESWC,29-May-11,6-Feb-11,247,57,23.10%,Heraklion,Crete,Greece,Web,Conference,www.eswc2011.org/
7th European Semantic Web Conference,2010,ESWC 2010,ESWC,30-May-10,6-Apr-10,245,52,21.20%,Heraklion,Crete,Greece,Web,Conference,www.eswc2010.org/
6th European Semantic Web Conference,2009,ESWC 2009,ESWC,31-May-09,6-Apr-09,250,45,18.00%,Heraklion,Crete,Greece,Web,Conference,www.eswc2009.org/
5th European Semantic Web Conference,2008,ESWC 2008,ESWC,6-Jan-08,6-May-08,270,51,18.90%,Tenerife,,Spain,Web,Conference,www.eswc2008.org/
4th European Semantic Web Conference,2007,ESWC 2007,ESWC,6-Mar-07,6-Jul-07,,,,Innsbruck,,Austria,Web,Conference,www.eswc2007.org/
3rd European Semantic Web Conference,2006,ESWC 2006,ESWC,6-Nov-06,14/06/2006,181,48,32.40%,Budva,Montenegro,Balkans,Web,Conference,www.eswc2006.org/
2nd European Semantic Web Conference,2005,ESWC 2005,ESWC,29-May-05,6-Jan-05,148,48,34.20%,Heraklion,Crete,Greece,Web,Conference,www.eswc2005.org/
1st European Semantic Web Symposium,2004,ESWS 2004,ESWS,5-Oct-04,5-Dec-04,79,,,Heraklion,Crete,Greece,Web,Conference,http://esws2004.sti2.org/
,,,,,,,,,,,,,,
,,,,,,,,,,,,,,
