Title,Event[Start date],Event[Acronym],Event[Series],Event[Start date],Event[End date],Event[Submitted papers],Event[Accepted papers],Event[Submission Rate],Event[City],Event[State],Event[Country],Event[Field],Event[Type],Event[Homepage]
14th ACM/SIGEVO Conference on Foundations of Genetic Algorithms,2017,FOGA 2017,FOGA,12-Jan-17,15-Jan-17,23,13,56.50%,Copenhagen,,Denmark,Foundations of Genetic Algorithms,Conference,foga-2017.sigevo.org/
13th ACM Conference on Foundations of Genetic Algorithms,2015,FOGA 2015,FOGA,17-Jan-15,20-Jan-15,26,16,61.50%,Aberystwyth,Wales,UK,Foundations of Genetic Algorithms,Conference,foga2015.dcs.aber.ac.uk/
12th International Workshop on Foundations of Genetic Algorithms,2013,FOGA 2013,FOGA,16-Jan-13,20-Jan-13,,16,,Adelaide,,Australia,Foundations of Genetic Algorithms,Conference,www.sigevo.org/foga-2013/
11th International Workshop on Foundations of Genetic Algorithms,2011,FOGA 2011,FOGA,5-Jan-11,9-Jan-11,35,21,60.00%,Schwarzenberg,,Australia,Foundations of Genetic Algorithms,Workshop,www.sigevo.org/foga-2011/
10th ACM SIGEVO International Workshop on Foundations of Genetic Algorithms,2009,FOGA 2009,FOGA,9-Jan-09,11-Jan-09,30,18,60.00%,Orlando,Florida,USA,Foundations of Genetic Algorithms,Workshop,www.sigevo.org/foga-2009/
9th International Workshop on Foundations of Genetic Algorithms,2007,FOGA 2007,FOGA,8-Jan-07,11-Jan-07,22,12,54.50%,Mexico,,USA,Foundations of Genetic Algorithms,Workshop,www.sigevo.org/foga-2007/
8th International Workshop on Foundations of Genetic Algorithms,2005,FOGA 2005,FOGA,5-Jan-05,9-Jan-05,,16,,Aizu-Wakamatsu,,Japan,Foundations of Genetic Algorithms,Workshop,dblp.uni-trier.de/db/conf/foga/foga2005.html
7th Workshop on Foundations of Genetic Algorithms,2002,FOGA 2002,FOGA,2-Sep-02,4-Sep-02,,,,Torremolinos,,Spain,Foundations of Genetic Algorithms,Workshop,dblp.org/db/conf/foga/foga2002.html
6th Workshop on Foundations of Genetic Algorithms,2000,FOGA 2000,FOGA,21-Jul-00,23-Jul-00,,,,Charlottesville,,USA,Foundations of Genetic Algorithms,Workshop,dblp.org/db/conf/foga/foga2000
5th Workshop on Foundations of Genetic Algorithms,1998,FOGA 1998,FOGA,24-Sep-98,28-Sep-98,,,,Amsterdam,,Netherlands,Foundations of Genetic Algorithms,Workshop,dblp.uni-trier.de/db/conf/foga/foga1998.html
4th Workshop on Foundations of Genetic Algorithms,1996,FOGA 1996,FOGA,3-Aug-96,5-Aug-96,,,,San Diego,California,USA,Foundations of Genetic Algorithms,Workshop,dblp.uni-trier.de/db/conf/foga/foga1996.html
3rd Workshop on Foundations of Genetic Algorithms,1994,FOGA 1994,FOGA,31-Jul-94,2-Aug-94,,,,Estes Park,Colorado,USA,Foundations of Genetic Algorithms,Workshop,dblp.uni-trier.de/db/conf/foga/foga1994.html
2nd Workshop on Foundations of Genetic Algorithms,1992,FOGA 1992,FOGA,26-Jul-92,29-Jul-92,,,,Vail,Colorado,USA,Foundations of Genetic Algorithms,Workshop,dblp.uni-trier.de/db/conf/foga/foga1992.html
1st Workshop on Foundations of Genetic Algorithms,1990,FOGA 1990,FOGA,15-Jul-90,18-Jul-90,,,,Bloomington,Indiana,USA,Foundations of Genetic Algorithms,Workshop,dblp.uni-trier.de/db/conf/foga/foga1990.html
,,,,,,,,,,,,,,
,,,,,,,,,,,,,,
,,,,,,,,,,,,,,
,,,,,,,,,,,,,,
,,,,,,,,,,,,,,
,,,,,,,,,,,,,,
,,,,,,,,,,,,,,
