Title,Event[Start date],Event[Acronym],Event[Series],Event[Start date],Event[End date],Event[Submitted papers],Event[Accepted papers],Event[Acceptance Rate],Event[City],Event[State],Event[Country],Event[Field],Event[Type],Event[Homepage]
IEEE International Conference on Web Services,2018,ICWS 2018,ICWS,2-Jul-18,7-Jul-18,,,,San Francisco,California,USA,Web,Conference,conferences.computer.org/icws/2018/
IEEE International Conference on Web Services,2017,ICWS 2017,ICWS,25-Jun-17,30-Jun-17,630,126,20.00%,Honolulu,Hawaii,USA,Web,Conference,www.icws.org/2017/
IEEE International Conference on Web Services,2016,ICWS 2016,ICWS,27-Jun-16,2-Jul-16,250,30,14.00%,San Francisco,,USA,Web,Conference,icws.org/2016/
IEEE International Conference on Web Services,2015,ICWS 2015,ICWS,27-Jun-15,2-Jul-15,270,47,17.40%,New York,,USA,Web,Conference,icws.org/2015/
IEEE International Conference on Web Services,2014,ICWS 2014,ICWS,27-Jun-14,2-Jul-14,133,24,18.00%,Alaska,,USA,Web,Conference,icws.org/2014/
IEEE International Conference on Web Services,2013,ICWS 2013,ICWS,27-Jun-13,2-Jul-13,447,85,19.00%,Santa Clara Marriott,California,USA,Web,Conference,icws.org/2013/
IEEE International Conference on Web Services,2012,ICWS 2012,ICWS,24-Jun-12,29-Jun-12,176,30,17.00%,Honolulu,Hawaii,USA,Web,Conference,icws.org/2012/
IEEE International Conference on Web Services,2011,ICWS 2011,ICWS,4-Jul-11,9-Jul-11,264,37,14.00%,Washington,,USA,Web,Conference,icws.org/2011/
IEEE International Conference on Web Services,2010,ICWS 2010,ICWS,5-Jul-10,10-Jul-10,222,39,17.60%,Miami,Florida,USA,Web,Conference,icws.org/2010/
IEEE International Conference on Web Services,2009,ICWS 2009,ICWS,6-Jul-09,10-Jul-09,404,63,15.60%,Los Angeles,,USA,Web,Conference,www.icws.org/2009/
IEEE International Conference on Web Services,2008,ICWS 2008,ICWS,12-Sep-08,26-Sep-08,269,43,16.00%,Beijing,,China,Web,Conference,www.icws.org/2008/
IEEE International Conference on Web Services,2007,ICWS 2007,ICWS,9-Jul-07,13-Jul-07,267,48,18.00%,Salt Lake City,,USA,Web,Conference,www.icws.org/2007/
IEEE International Conference on Web Services,2006,ICWS 2006,ICWS,18-Sep-06,22-Sep-06,300,48,16.00%,Chicago,,USA,Web,Conference,www.icws.org/2006/
IEEE International Conference on Web Services,2005,ICWS 2005,ICWS,11-Jul-05,15-Jul-05,233,44,18.90%,Orlando,,USA,Web,Conference,www.icws.org/2005/
IEEE International Conference on Web Services,2004,ICWS 2004,ICWS,6-Jun-04,6-Sep-04,230,66,28.70%,San Diego,California,USA,Web,Conference,www.icws.org/2004/
IEEE International Conference on Web Services,2003,ICWS 2003,ICWS,23-Jun-03,26-Jun-03,57,17,29.80%,Las Vegas,Nevada,USA,Web,Conference,www.icws.org/2003/
,,,,,,,,,,,,,,
,,,,,,,,,,,,,,
,,,,,,,,,,,,,,
