Title,Event[Start date],Event[Acronym],Event[Series],Event[Start date],Event[End date],Event[Submitted papers],Event[Accepted papers],Event[Submission Rate],Event[City],Event[State],Event[Country],Event[Field],Event[Type],Event[Homepage]
9th International Joint Conference on Automated Reasoning,2018,IJCAR 2018,IJCAR,14-Jul-18,17-Jul-18,,,,Oxford,,UK,Automated Reasoning,Conference,ijcar2018.org/
8th International Joint Conference on Automated Reasoning,2016,IJCAR 2016,IJCAR,27-Jun-16,2-Jul-16,79,35,44.30%,Coimbra,,Portugal,Automated Reasoning,Conference,www.ijcar-2016.info/
7th International Joint Conference on Automated Reasoning,2014,IJCAR 2014,IJCAR,19-Jul-14,22-Jul-14,83,37,44.60%,Vienna,,Austria,Automated Reasoning,Conference,cs.nyu.edu/ijcar2014/
6th International Joint Conference on Automated Reasoning,2012,IJCAR 2012,IJCAR,25-Jun-12,29-Jun-12,115,42,36.50%,Manchester,,UK,Automated Reasoning,Conference,curation.cs.manchester.ac.uk/ijcar/ijcar.cs.manchester.ac.uk/
5th International Joint Conference on Automated Reasoning,2010,IJCAR 2010,IJCAR,16-Jul-10,19-Jul-10,89,40,44.90%,Edinburgh,,UK,Automated Reasoning,Conference,www.floc-conference.org/IJCAR-home.html
4th International Joint Conference on Automated Reasoning,2008,IJCAR 2008,IJCAR,10-Aug-08,15-Aug-08,98,39,39.80%,Sydney,,Austria,Automated Reasoning,Conference,www.ijcar.org/2008/
3rd International Joint Conference on Automated Reasoning,2006,IJCAR 2006,IJCAR,16-Aug-06,20-Aug-06,151,49,32.50%,Seattle,,USA,Automated Reasoning,Conference,dblp2.uni-trier.de/db/conf/cade/ijcar2006.html
2nd International Joint Conference on Automated Reasoning,2004,IJCAR 2004,IJCAR,4-Jul-04,8-Jul-04,86,32,37.20%,Cork,,Ireland,Automated Reasoning,Conference,dblp2.uni-trier.de/db/conf/cade/ijcar2004.html
1st International Joint Conference on Automated Reasoning,2001,IJCAR 2001,IJCAR,18-Jun-01,23-Jun-01,112,56,50.00%,Siena,,Italy,Automated Reasoning,Conference,dblp2.uni-trier.de/db/conf/cade/ijcar2001.html
,,,,,,,,,,,,,,
,,,,,,,,,,,,,,
,,,,,,,,,,,,,,
