Title,Event[Start date],Event[Acronym],Event[Series],Event[Start date],Event[End date],Event[Submitted papers],Event[Accepted papers],Event[Submission Rate],Event[City],Event[State],Event[Country],Event[Field],Event[Type],Event[Homepage]
17th  IEEE / ACM International Symposium on Mixed and Augmented Reality,2018,ISMAR 2018,ISMAR,16-Oct-18,20-Oct-18,,,,Munich,,Germany,Mixed and Augmented Reality,Symposium,ismar2018.org/
16th IEEE / ACM International Symposium on Mixed and Augmented Reality,2017,ISMAR 2017,ISMAR,23-Jul-17,28-Jul-17,,33,,Nantes,,France,Mixed and Augmented Reality,Symposium,ismar2017.sciencesconf.org/
15th  IEEE / ACM International Symposium on Mixed and Augmented Reality,2016,ISMAR 2016,ISMAR,19-Sep-16,23-Sep-16,84,16,19.00%,Merida,,Mexico,Mixed and Augmented Reality,Symposium,ismar2016.vgtc.org/
3rd IEEE / ACM International Symposium on Mixed and Augmented Reality,2015,ISMAR 2015,ISMAR,29-Sep-15,3-Oct-15,103,23,22.30%,Fukuoka,,Japan,Mixed and Augmented Reality,Symposium,ismar2015.vgtc.org/
13th IEEE / ACM International Symposium on Mixed and Augmented Reality,2014,ISMAR 2014,ISMAR,10-Sep-14,12-Sep-14,87,33,37.90%,Munich,,Germany,Mixed and Augmented Reality,Symposium,ismar2014.vgtc.org/
12th IEEE / ACM International Symposium on Mixed and Augmented Reality,2013,ISMAR 2013,ISMAR,1-Oct-13,4-Oct-13,103,26,25.20%,Adelaide,,Australia,Mixed and Augmented Reality,Symposium,ismar2013.vgtc.org/
11th IEEE / ACM International Symposium on Mixed and Augmented Reality,2012,ISMAR 2012,ISMAR,5-Nov-12,8-Nov-12,105,28,26.70%,Atlanta,Georgia,USA,Mixed and Augmented Reality,Symposium,ismar2013.vgtc.org/ismar/2012/info/ismar-welcome/welcome.html
10th IEEE / ACM International Symposium on Mixed and Augmented Reality,2011,ISMAR 2011,ISMAR,26-Oct-11,29-Oct-11,141,26,18.40%,Basel,,Switzerland,Mixed and Augmented Reality,Symposium,ismar2011.vgtc.org/
9th IEEE / ACM International Symposium on Mixed and Augmented Reality,2010,ISMAR 2010,ISMAR,13-Oct-10,16-Oct-10,107,24,22.40%,Seoul,,Korea,Mixed and Augmented Reality,Symposium,ismar2010.vgtc.org/main_page.html
8th IEEE / ACM International Symposium on Mixed and Augmented Reality,2009,ISMAR 2009,ISMAR,19-Oct-09,22-Oct-09,124,24,19.40%,Orlando,Florida,USA,Mixed and Augmented Reality,Symposium,dblp2.uni-trier.de/db/conf/ismar/ismar2009.html
7th IEEE / ACM International Symposium on Mixed and Augmented Reality,2008,ISMAR 2008,ISMAR,15-Sep-08,18-Sep-08,104,26,25.00%,Cambridge,,UK,Mixed and Augmented Reality,Symposium,ismar2008.vgtc.org/doku.html
6th IEEE / ACM International Symposium on Mixed and Augmented Reality,2007,ISMAR 2007,ISMAR,13-Nov-07,16-Nov-07,121,50,41.30%,Nara,,Japan,Mixed and Augmented Reality,Symposium,ismar2007.vgtc.org/
5th IEEE / ACM International Symposium on Mixed and Augmented Reality,2006,ISMAR 2006,ISMAR,22-Oct-06,25-Oct-06,105,30,28.60%,Santa Barbara,California,USA,Mixed and Augmented Reality,Symposium,ismar06.tinmith.net/
4th IEEE / ACM International Symposium on Mixed and Augmented Reality,2005,ISMAR 2005,ISMAR,22-Oct-05,5-Oct-05,108,24,22.20%,Vienna,,Austria,Mixed and Augmented Reality,Symposium,ismar2005.vgtc.org/
3rd IEEE / ACM International Symposium on Mixed and Augmented Reality,2004,ISMAR 2004,ISMAR,2-Nov-04,5-Nov-04,120,24,20.00%,Arlington,Virginia,USA,Mixed and Augmented Reality,Symposium,ismar2004.vgtc.org/
2nd IEEE / ACM International Symposium on Mixed and Augmented Reality,2003,ISMAR 2003,ISMAR,7-Oct-03,10-Oct-03,,,,Tokyo,,Japan,Mixed and Augmented Reality,Symposium,dblp2.uni-trier.de/db/conf/ismar/ismar2003.html
1st IEEE / ACM IEEE / ACM International Symposium on Mixed and Augmented Reality,2002,ISMAR 2002,ISMAR,30-Sep-02,1-Oct-02,,,,Darmstadt,,Germany,Mixed and Augmented Reality,Symposium,ismar2002.vgtc.org/
4th International Symposium on Augmented Reality,2001,ISAR 2001,ISAR,29-Oct-01,30-Oct-01,,,,New York,,USA,Mixed and Augmented Reality,Symposium,dblp2.uni-trier.de/db/conf/ismar/isar2001.html
3rd IEEE and ACM International Symposium on Augmented Reality,2000,ISAR 2000,ISAR,5-Oct-00,6-Oct-00,,,,Munich,,Germany,Mixed and Augmented Reality,Symposium,isar2000.vgtc.org/
2nd IEEE and ACM International Workshop on Augmented Reality,1999,IWAR 1999,IWAR,20-Oct-99,21-Oct-99,,,,San Francisco,California,USA,Mixed and Augmented Reality,Symposium,
,,,,,,,,,,,,,,
,,,,,,,,,,,,,,
,,,,,,,,,,,,,,
,,,,,,,,,,,,,,
,,,,,,,,,,,,,,
,,,,,,,,,,,,,,
,,,,,,,,,,,,,,
,,,,,,,,,,,,,,
