Title,Event[Start date],Event[Acronym],Event[Series],Event[Start date],Event[End date],Event[Submitted papers],Event[Accepted papers],Event[Submission Rate],Event[City],Event[State],Event[Country],Event[Field],Event[Type],Event[Homepage]
17th International Semantic Web Conference,2018,ISWC 2018,ISWC,8-Oct-18,12-Oct-18,,,,Monterey,California,USA,Semantic web,Conference,iswc2018.semanticweb.org/
16th International Semantic Web Conference,2017,ISWC 2017,ISWC,21-Oct-17,25-Oct-17,326,67,20.60%,Vienna,,Austria,Semantic web,Conference,iswc2017.semanticweb.org/
15th International Semantic Web Conference,2016,ISWC 2016,ISWC,17-Oct-16,21-Oct-16,212,39,18.40%,Kobe,,Japan,Semantic web,Conference,iswc2016.semanticweb.org/
14th International Semantic Web Conference,2015,ISWC 2015,ISWC,11-Oct-15,15-Oct-15,172,38,22.10%,Bethlehem,Pennsylvania,USA,Semantic web,Conference,iswc2015.semanticweb.org/
13th International Semantic Web Conference,2014,ISWC 2014,ISWC,19-Oct-14,23-Oct-14,180,38,21.10%,Riva del Garda,Trentino,Italy,Semantic web,Conference,iswc2014.semanticweb.org/
12th International Semantic Web Conference,2013,ISWC 2013,ISWC,21-Oct-13,25-Oct-13,210,45,21.40%,Sydney,,Australia,Semantic web,Conference,iswc2013.semanticweb.org/
11th International Semantic Web Conference,2012,ISWC 2012,ISWC,11-Nov-12,15-Nov-12,183,41,22.40%,Boston,,USA,Semantic web,Conference,iswc2012.semanticweb.org/
10th International Semantic Web Conference,2011,ISWC 2011,ISWC,23-Oct-11,27-Oct-11,264,50,18.90%,Bonn,,Germany,Semantic web,Conference,iswc2011.semanticweb.org/
9th International Semantic Web Conference,2010,ISWC 2010,ISWC,7-Nov-10,11-Nov-10,228,51,22.40%,Shanghai,,China,Semantic web,Conference,iswc2010.semanticweb.org/
8th International Semantic Web Conference,2009,ISWC 2009,ISWC,25-Oct-09,29-Oct-09,250,43,17.20%,Chantilly,,USA,Semantic web,Conference,iswc2009.semanticweb.org/
7th International Semantic Web Conference,2008,ISWC 2008,ISWC,26-Oct-08,30-Oct-08,261,43,16.50%,Karlsruhe,,Germany,Semantic web,Conference,iswc2008.semanticweb.org/
6th International Semantic Web Conference,2007,ISWC 2007,ISWC,11-Nov-07,15-Nov-07,257,50,19.50%,Busan,,Korea,Semantic web,Conference,iswc2007.semanticweb.org/
5th International Semantic Web Conference,2006,ISWC 2006,ISWC,5-Nov-06,9-Nov-06,215,52,24.20%,Athens,,USA,Semantic web,Conference,iswc2006.semanticweb.org/
4th International Semantic Web Conference,2005,ISWC 2005,ISWC,6-Nov-05,10-Nov-05,217,54,24.90%,Galway,,Ireland,Semantic web,Conference,iswc2005.semanticweb.org/
3rd International Semantic Web Conference,2004,ISWC 2004,ISWC,7-Nov-04,11-Nov-04,205,48,23.40%,Hiroshima,,Japan,Semantic web,Conference,iswc2004.semanticweb.org/
2nd International Semantic Web Conference,2003,ISWC 2003,ISWC,20-Oct-03,23-Oct-03,262,49,18.70%,Sanibel Island,Florida,USA,Semantic web,Conference,iswc2003.semanticweb.org/
1st International Semantic Web Conference,2002,ISWC 2002,ISWC,9-Jun-02,12-Jun-02,95,27,28.40%,Chia,Sardinia,Italy,Semantic web,Conference,iswc2002.semanticweb.org/
1st Semantic Web Working Symposium,2001,SWWS 2001,SWWS,30-Jul-01,1-Aug-01,58,35,60.30%,Stanford,California,USA,Semantic web,Symposium,files.ifi.uzh.ch/ddis/iswc_archive/iswc/ih/SWWS-2001/
,,,,,,,,,,,,,,
,,,,,,,,,,,,,,
,,,,,,,,,,,,,,
