Title,Event[Start date],Event[Acronym],Event[Series],Event[Start date],Event[End date],Event[Submitted papers],Event[Accepted papers],Event[Submission Rate],Event[City],Event[State],Event[Country],Event[Field],Event[Type],Event[Homepage]
16th International Conference on Principles of Knowledge Representation and Reasoning,2018,KR 2018,KR,30-Oct-18,3-Nov-18,,,,Tempe,Arizona,USA,Knowledge Representation and Reasoning,Conference,reasoning.eas.asu.edu/kr2018/
15th International Conference on Principles of Knowledge Representation and Reasoning,2016,KR 2016,KR,5-Apr-16,9-Apr-16,,49,,Cape Town,,South Africa,Knowledge Representation and Reasoning,Conference,kr2016.cs.uct.ac.za/
14th International Conference on Principles of Knowledge Representation and Reasoning,2014,KR 2014,KR,20-Jul-14,24-Jul-14,220,58,26.40%,Vienna,,Austria,Knowledge Representation and Reasoning,Conference,www.kr.tuwien.ac.at/events/kr2014/
13th International Conference on Principles of Knowledge Representation and Reasoning,2012,KR 2012,KR,10-Jun-12,14-Jun-12,202,53,26.20%,Rome,,Italy,Knowledge Representation and Reasoning,Conference,www.kr.org/KR2012/
12th International Conference on Principles of Knowledge Representation and Reasoning,2010,KR 2010,KR,9-May-10,13-May-10,211,53,25.10%,Toronto,Ontario,Canada,Knowledge Representation and Reasoning,Conference,www.kr.org/KR2010/
11th International Conference on Principles of Knowledge Representation and Reasoning,2008,KR 2008,KR,16-Sep-08,19-Sep-08,251,69,27.50%,Sydney,,Australia,Knowledge Representation and Reasoning,Conference,www.cse.unsw.edu.au/~kr2008/
10th International Conference on Principles of Knowledge Representation and Reasoning,2006,KR 2006,KR,2-Jun-06,5-Jun-06,210,50,23.80%,Lake District,,UK,Knowledge Representation and Reasoning,Conference,www.kr.org/KR2006/
9th International Conference on Principles of Knowledge Representation and Reasoning,2004,KR 2004,KR,2-Jun-04,5-Jun-04,197,67,34.00%,Whistler,,Canada,Knowledge Representation and Reasoning,Conference,www.kr.org/KR2004/
8th International Conference on Principles of Knowledge Representation and Reasoning,2002,KR 2002,KR,22-Apr-02,25-Apr-02,,,,Toulouse,,France,Knowledge Representation and Reasoning,Conference,www.kr.org/KR2002/
7th International Conference on Principles of Knowledge Representation and Reasoning,2000,KR 2000,KR,11-Apr-00,15-Apr-00,172,62,36.00%,Breckenridge,Colorado,USA,Knowledge Representation and Reasoning,Conference,www.kr.org/KR2000/
6th International Conference on Principles of Knowledge Representation and Reasoning,1998,KR 1998,KR,2-Jun-98,5-Jun-98,,,,Trento,,Italy,Knowledge Representation and Reasoning,Conference,www.kr.org/KR1998/
5th International Conference on Principles of Knowledge Representation and Reasoning,1996,KR 1996,KR,5-Nov-96,8-Nov-96,,,,Cambridge,Massachusetts,USA,Knowledge Representation and Reasoning,Conference,www.kr.org/KR1996/
4th International Conference on Principles of Knowledge Representation and Reasoning,1994,KR 1994,KR,24-May-94,27-May-94,,,,Bonn,,Germany,Knowledge Representation and Reasoning,Conference,dblp2.uni-trier.de/db/conf/kr/kr94.html
3rd International Conference on Principles of Knowledge Representation and Reasoning,1992,KR 1992,KR,25-Oct-92,29-Oct-92,,,,Cambridge,Massachusetts,USA,Knowledge Representation and Reasoning,Conference,dblp2.uni-trier.de/db/conf/kr/kr92.html
2nd International Conference on Principles of Knowledge Representation and Reasoning,1991,KR 1991,KR,22-Apr-91,25-Apr-91,,,,Cambridge,Massachusetts,USA,Knowledge Representation and Reasoning,Conference,dblp2.uni-trier.de/db/conf/kr/kr91.html
1st International Conference on Principles of Knowledge Representation and Reasoning,1989,KR 1989,KR,15-May-89,18-May-89,,,,Toronto,Ontario,Canada,Knowledge Representation and Reasoning,Conference,dblp2.uni-trier.de/db/conf/kr/kr89.html
,,,,,,,,,,,,,,
,,,,,,,,,,,,,,
,,,,,,,,,,,,,,
,,,,,,,,,,,,,,
