Title,Event[Start date],Event[Acronym],Event[Series],Event[Start date],Event[End date],Event[Submitted papers],Event[Accepted papers],Event[Submission Rate],Event[City],Event[State],Event[Country],Event[Field],Event[Type],Event[Homepage]
"Conference on Object-Oriented Programming Systems, Languages, and Applications",2018,OOPSLA  2018,OOPSLA,4-Nov-18,9-Nov-18,,,,Boston,Massachusetts,USA,Object Oriented Programming Systems,Conference,2018.splashcon.org/
"Conference on Object-Oriented Programming Systems, Languages, and Applications",2017,OOPSLA  2017,OOPSLA,22-Oct-17,27-Oct-17,,,,Vancouver,British Columbia,Canada,Object Oriented Programming Systems,Conference,2017.splashcon.org/
"Conference on Object-Oriented Programming Systems, Languages, and Applications",2016,OOPSLA  2016,OOPSLA,30-Oct-16,4-Nov-16,203,52,25.60%,Amsterdam,,The Netherlands,Object Oriented Programming Systems,Conference,2016.splashcon.org/
"Conference on Object-Oriented Programming Systems, Languages, and Applications",2015,OOPSLA  2015,OOPSLA,25-Oct-15,30-Oct-15,,,,Pittsburgh,Pennsylvania,USA,Object Oriented Programming Systems,Conference,2015.splashcon.org/
"Conference on Object-Oriented Programming Systems, Languages, and Applications",2014,OOPSLA  2014,OOPSLA,20-Oct-14,24-Oct-14,186,52,28.00%,Portland,Oregon,USA,Object Oriented Programming Systems,Conference,2014.splashcon.org/
"Conference on Object-Oriented Programming Systems, Languages, and Applications",2013,OOPSLA  2013,OOPSLA,26-Oct-13,31-Oct-13,189,50,26.50%,Indianapolis,,USA,Object Oriented Programming Systems,Conference,dblp2.uni-trier.de/db/conf/SPLASH /SPLASH 2013.html
"Conference on Object-Oriented Programming Systems, Languages, and Applications",2012,OOPSLA  2012,OOPSLA,21-Oct-12,25-Oct-12,228,59,25.90%,Tucson,Arizona,USA,Object Oriented Programming Systems,Conference,dblp2.uni-trier.de/db/conf/SPLASH /SPLASH 2012.html
"Conference on Object-Oriented Programming Systems, Languages, and Applications",2011,OOPSLA  2011,OOPSLA,22-Oct-11,27-Oct-11,166,61,36.70%,Portland,Oregon,USA,Object Oriented Programming Systems,Conference,dblp2.uni-trier.de/db/conf/SPLASH /SPLASH 2011.html
"Conference on Object-Oriented Programming Systems, Languages, and Applications",2010,OOPSLA  2010,OOPSLA,17-Oct-10,21-Oct-10,164,45,27.40%,Tahoe,Nevada,USA,Object Oriented Programming Systems,Conference,dblp2.uni-trier.de/db/conf/SPLASH /SPLASH 2010.html
"Conference on Object-Oriented Programming Systems, Languages, and Applications",2009,OOPSLA  2009,OOPSLA,25-Oct-09,29-Oct-09,144,25,17.40%,Orlando,Florida,USA,Object Oriented Programming Systems,Conference,www.SPLASH .org/SPLASH 2009/
"Conference on Object-Oriented Programming Systems, Languages, and Applications",2008,OOPSLA  2008,OOPSLA,19-Oct-08,23-Oct-08,117,33,28.20%,Nashville,,USA,Object Oriented Programming Systems,Conference,www.SPLASH .org/SPLASH 2008/
"Conference on Object-Oriented Programming Systems, Languages, and Applications",2007,OOPSLA  2007,OOPSLA,21-Oct-07,25-Oct-07,156,33,21.20%,Montreal,Quebec,Canada,Object Oriented Programming Systems,Conference,www.SPLASH .org/SPLASH 2007/
"Conference on Object-Oriented Programming Systems, Languages, and Applications",2006,OOPSLA  2006,OOPSLA,22-Oct-06,26-Oct-06,157,26,16.60%,Portland,Oregon,USA,Object Oriented Programming Systems,Conference,www.SPLASH .org/2006/
"Conference on Object-Oriented Programming Systems, Languages, and Applications",2005,OOPSLA  2005,OOPSLA,16-Oct-05,20-Oct-05,174,32,18.40%,San Diego,California,USA,Object Oriented Programming Systems,Conference,www.SPLASH .org/2005/
"Conference on Object-Oriented Programming Systems, Languages, and Applications",2004,OOPSLA  2004,OOPSLA,24-Oct-04,28-Oct-04,173,27,15.60%,Vancouver,British Columbia,Canada,Object Oriented Programming Systems,Conference,www.SPLASH .org/2004/
"Conference on Object-Oriented Programming Systems, Languages, and Applications",2003,OOPSLA  2003,OOPSLA,26-Oct-03,30-Oct-03,147,26,17.70%,Anaheim,California,USA,Object Oriented Programming Systems,Conference,www.SPLASH .org/SPLASH 2003/
"Conference on Object-Oriented Programming Systems, Languages, and Applications",2002,OOPSLA  2002,OOPSLA,4-Nov-02,8-Nov-02,125,25,20.00%,Seattle,Washington,USA,Object Oriented Programming Systems,Conference,www.SPLASH .org/2002/
"Conference on Object-Oriented Programming Systems, Languages, and Applications",2001,OOPSLA  2001,OOPSLA,14-Oct-01,18-Oct-01,145,27,18.60%,Tampa,Florida,USA,Object Oriented Programming Systems,Conference,www.SPLASH .org/2001/
"Conference on Object-Oriented Programming Systems, Languages, and Applications",2000,OOPSLA  2000,OOPSLA,15-Oct-00,19-Oct-00,142,26,18.30%,Minneapolis,Minnesota,USA,Object Oriented Programming Systems,Conference,www.SPLASH .org/2000/
"Conference on Object-Oriented Programming Systems, Languages, and Applications",1999,OOPSLA  1999,OOPSLA,1-Nov-99,5-Nov-99,152,30,19.70%,Denver,Colorado,USA,Object Oriented Programming Systems,Conference,classic.sigplan.org/SPLASH /SPLASH 99/
"Conference on Object-Oriented Programming Systems, Languages, and Applications",1998,OOPSLA  1998,OOPSLA,18-Oct-98,22-Oct-98,,,,Vancouver,British Columbia,Canada,Object Oriented Programming Systems,Conference,classic.sigplan.org/SPLASH /SPLASH 98/
"Conference on Object-Oriented Programming Systems, Languages, and Applications",1997,OOPSLA  1997,OOPSLA,5-Oct-97,10-Oct-97,,,,Atlanta,Georgia,USA,Object Oriented Programming Systems,Conference,classic.sigplan.org/SPLASH /SPLASH 97/SPLASH 97.html
"Conference on Object-Oriented Programming Systems, Languages, and Applications",1996,OOPSLA  1996,OOPSLA,6-Oct-96,10-Oct-96,,,,San Jose,California,USA,Object Oriented Programming Systems,Conference,classic.sigplan.org/SPLASH /SPLASH 96/SPLASH 96.html
"Conference on Object-Oriented Programming Systems, Languages, and Applications",1995,OOPSLA  1995,OOPSLA,15-Oct-95,19-Oct-95,,,,Austin,Texas,USA,Object Oriented Programming Systems,Conference,dblp2.uni-trier.de/db/conf/SPLASH /SPLASH 95.html
"Conference on Object-Oriented Programming Systems, Languages, and Applications",1994,OOPSLA  1994,OOPSLA,23-Oct-94,27-Oct-94,,,,Portland,Oregon,USA,Object Oriented Programming Systems,Conference,dblp2.uni-trier.de/db/conf/SPLASH /SPLASH 94.html
"Conference on Object-Oriented Programming Systems, Languages, and Applications",1993,OOPSLA  1993,OOPSLA,26-Sep-93,1-Oct-93,,,,Washington,,USA,Object Oriented Programming Systems,Conference,dblp2.uni-trier.de/db/conf/SPLASH /SPLASH 93.html
"Conference on Object-Oriented Programming Systems, Languages, and Applications",1992,OOPSLA  1992,OOPSLA,18-Oct-92,22-Oct-92,,,,Vancouver,British Columbia,Canada,Object Oriented Programming Systems,Conference,dblp2.uni-trier.de/db/conf/SPLASH /SPLASH 92.html
"Conference on Object-Oriented Programming Systems, Languages, and Applications",1991,OOPSLA  1991,OOPSLA,6-Oct-91,11-Oct-91,,,,Phoenix,Arizona,USA,Object Oriented Programming Systems,Conference,dblp2.uni-trier.de/db/conf/SPLASH /SPLASH 91.html
"Conference on Object-Oriented Programming Systems, Languages, and Applications",1990,OOPSLA  1990,OOPSLA,21-Oct-90,25-Oct-90,,,,Ottawa,,Canada,Object Oriented Programming Systems,Conference,dblp2.uni-trier.de/db/conf/SPLASH /SPLASH 90.html
"Conference on Object-Oriented Programming Systems, Languages, and Applications",1989,OOPSLA  1989,OOPSLA,1-Oct-89,6-Oct-89,,,,New Orleans,Louisiana,USA,Object Oriented Programming Systems,Conference,dblp2.uni-trier.de/db/conf/SPLASH /SPLASH 89.html
"Conference on Object-Oriented Programming Systems, Languages, and Applications",1988,OOPSLA  1988,OOPSLA,25-Sep-88,30-Sep-88,,,,San Diego,California,USA,Object Oriented Programming Systems,Conference,dblp2.uni-trier.de/db/conf/SPLASH /SPLASH 88.html
"Conference on Object-Oriented Programming Systems, Languages, and Applications",1987,OOPSLA  1987,OOPSLA,26-Sep-88,8-Oct-87,,,,Orlando,Florida,USA,Object Oriented Programming Systems,Conference,dblp2.uni-trier.de/db/conf/SPLASH /SPLASH 87.html
"Conference on Object-Oriented Programming Systems, Languages, and Applications",1986,OOPSLA  1986,OOPSLA,,,,,,Portland,Oregon,USA,Object Oriented Programming Systems,Conference,dblp2.uni-trier.de/db/conf/SPLASH /SPLASH 86.html
,,,,,,,,,,,,,,
,,,,,,,,,,,,,,
