Title,Event[Start date],Event[Acronym],Event[Series],Event[Start date],Event[End date],Event[Submitted papers],Event[Accepted papers],Event[Submission Rate],Event[City],Event[State],Event[Country],Event[Field],Event[Type],Event[Homepage]
USENIX Symposium on Operating Systems Design and Implementation,2018,OSDI 2018,OSDI,8-Oct-18,10-Oct-18,,,,Carlsbad,California,USA,Operating Systems,Symposium,www.usenix.org/conference/osdi18
USENIX Symposium on Operating Systems Design and Implementation,2016,OSDI 2016,OSDI,2-Oct-16,4-Oct-16,267,47,17.60%,Savanna,,USA,Operating Systems,Symposium,www.usenix.org/conference/osdi16
USENIX Symposium on Operating Systems Design and Implementation,2014,OSDI 2014,OSDI,6-Oct-14,8-Oct-14,228,42,18.40%,Broomfield,,USA,Operating Systems,Symposium,www.usenix.org/conference/osdi14
USENIX Symposium on Operating Systems Design and Implementation,2012,OSDI 2012,OSDI,8-Oct-12,10-Oct-12,215,25,11.60%,Hollywood,California,USA,Operating Systems,Symposium,www.usenix.org/conference/osdi12
USENIX Symposium on Operating Systems Design and Implementation,2010,OSDI 2010,OSDI,4-Oct-10,6-Oct-10,199,32,16.10%,Vancouver,,Canada,Operating Systems,Symposium,www.usenix.org/legacy/events/osdi10/
USENIX Symposium on Operating Systems Design and Implementation,2008,OSDI 2008,OSDI,8-Dec-08,10-Dec-08,193,26,13.50%,San Diego,California,USA,Operating Systems,Symposium,www.usenix.org/legacy/events/osdi08/
USENIX Symposium on Operating Systems Design and Implementation,2006,OSDI 2006,OSDI,6-Nov-06,8-Nov-06,150,27,18.00%,Seattle,Washington,USA,Operating Systems,Symposium,www.usenix.org/legacy/events/osdi06/
USENIX Symposium on Operating Systems Design and Implementation,2004,OSDI 2004,OSDI,6-Dec-04,8-Dec-04,193,27,14.00%,San Francisco,California,USA,Operating Systems,Symposium,www.usenix.org/legacy/events/osdi04/
USENIX Symposium on Operating Systems Design and Implementation,2002,OSDI 2002,OSDI,9-Dec-02,11-Dec-02,,,,Boston,Massachusetts,USA,Operating Systems,Symposium,www.usenix.org/legacy/events/osdi02/
USENIX Symposium on Operating Systems Design and Implementation,2000,OSDI 2000,OSDI,23-Oct-00,25-Oct-00,111,24,21.60%,San Diego,California,USA,Operating Systems,Symposium,www.usenix.org/legacy/events/osdi2000/
USENIX Symposium on Operating Systems Design and Implementation,1999,OSDI 1999,OSDI,22-Feb-99,25-Feb-99,96,20,20.80%,New Orleans,Louisiana,USA,Operating Systems,Symposium,www.usenix.org/legacy/publications/library/proceedings/osdi99/
USENIX Symposium on Operating Systems Design and Implementation,1996,OSDI 1996,OSDI,28-Oct-96,31-Oct-96,110,19,17.30%,Seattle,Washington,USA,Operating Systems,Symposium,www.usenix.org/legacy/publications/library/proceedings/osdi96/
USENIX Symposium on Operating Systems Design and Implementation,1994,OSDI 1994,OSDI,14-Nov-94,17-Nov-94,178,21,11.80%,Monterey,California,USA,Operating Systems,Symposium,www.usenix.org/legacy/publications/library/proceedings/osdi/index.html
,,,,,,,,,,,,,,
,,,,,,,,,,,,,,
,,,,,,,,,,,,,,
