Title,Event[Start date],Event[Acronym],Event[Series],Event[Start date],Event[End date],Event[Submitted papers],Event[Accepted papers],Event[Submission Rate],Event[City],Event[State],Event[Country],Event[Field],Event[Type],Event[Homepage]
ACM SIGMOD-SIGACT-SIGAI Symposium on Principles of Database Systems,2018,PODS 2018,PODS,10-Jun-18,15-Jun-18,,,,Houston,Texas,USA,Database Systems,Conference,sigmod2018.org/
ACM SIGMOD-SIGACT-SIGAI Symposium on Principles of Database Systems,2017,PODS 2017,PODS,14-May-17,19-May-17,,35,,Raleigh,,USA,Database Systems,Conference,sigmod2017.org/
ACM SIGMOD-SIGACT-SIGAI Symposium on Principles of Database Systems,2016,PODS 2016,PODS,26-Jun-16,1-Jul-16,94,31,33.00%,San Francisco,California,USA,Database Systems,Conference,www.sigmod2016.org/
ACM SIGMOD-SIGACT-SIGAI Symposium on Principles of Database Systems,2015,PODS 2015,PODS,31-May-15,4-Jun-15,80,25,31.30%,Melbourne,Victoria,Australia,Database Systems,Conference,www.sigmod2015.org/
ACM SIGMOD-SIGACT-SIGAI Symposium on Principles of Database Systems,2014,PODS 2014,PODS,22-Jun-14,27-Jun-14,67,22,32.80%,Snowbird,,USA,Database Systems,Conference,www.sigmod2014.org/
ACM SIGMOD-SIGACT-SIGAI Symposium on Principles of Database Systems,2013,PODS 2013,PODS,22-Jun-13,27-Jun-13,97,24,24.70%,New York,New York,USA,Database Systems,Conference,www.sigmod.org/2013/
ACM SIGMOD-SIGACT-SIGAI Symposium on Principles of Database Systems,2012,PODS 2012,PODS,20-May-12,24-May-12,101,26,25.70%,Scottsdale,,USA,Database Systems,Conference,www.sigmod.org/2012/
ACM SIGMOD-SIGACT-SIGAI Symposium on Principles of Database Systems,2011,PODS 2011,PODS,12-Jun-11,16-Jun-11,113,25,22.10%,Athens,,Greece,Database Systems,Conference,www.sigmod2011.org/
ACM SIGMOD-SIGACT-SIGAI Symposium on Principles of Database Systems,2010,PODS 2010,PODS,6-Jun-10,11-Jun-10,113,27,23.90%,Indianapolis,Indiana,USA,Database Systems,Conference,www.sigmod2010.org/
ACM SIGMOD-SIGACT-SIGAI Symposium on Principles of Database Systems,2009,PODS 2009,PODS,29-Jun-09,2-Jul-09,97,26,26.80%,Providence,Rhode Island,USA,Database Systems,Conference,www.sigmod09.org/
ACM SIGMOD-SIGACT-SIGAI Symposium on Principles of Database Systems,2008,PODS 2008,PODS,9-Jun-08,11-Jun-08,159,28,17.60%,Vancouver,,Canada,Database Systems,Conference,www.sigmod08.org/
ACM SIGMOD-SIGACT-SIGAI Symposium on Principles of Database Systems,2007,PODS 2007,PODS,11-Jun-07,13-Jun-07,187,28,15.00%,Beijing,,China,Database Systems,Conference,sigmod07.riit.tsinghua.edu.cn/
ACM SIGMOD-SIGACT-SIGAI Symposium on Principles of Database Systems,2006,PODS 2006,PODS,26-Jun-06,28-Jun-06,185,35,18.90%,Chicago,Illinois,USA,Database Systems,Conference,sigmod.org/publications/pastconf/sigmod2006/sigmod-pods06.html
ACM SIGMOD-SIGACT-SIGAI Symposium on Principles of Database Systems,2005,PODS 2005,PODS,13-Jun-05,15-Jun-05,157,32,20.40%,Baltimore,Maryland,USA,Database Systems,Conference,sigmod.org/publications/pastconf/sigmod2005/~sigmod05.html
ACM SIGMOD-SIGACT-SIGAI Symposium on Principles of Database Systems,2004,PODS 2004,PODS,14-Jun-04,16-Jun-04,183,30,16.40%,Paris,,France,Database Systems,Conference,sigmod.org/publications/pastconf/sigmod2004/PODScfp.html
ACM SIGMOD-SIGACT-SIGAI Symposium on Principles of Database Systems,2003,PODS 2003,PODS,9-Jun-03,12-Jun-03,136,27,19.90%,San Diego,California,USA,Database Systems,Conference,db.ucsd.edu/SIGMODPODS03/
ACM SIGMOD-SIGACT-SIGAI Symposium on Principles of Database Systems,2002,PODS 2002,PODS,3-Jun-02,5-Jun-02,109,24,22.00%,Madison,Wisconsin,USA,Database Systems,Conference,www-db.cs.wisc.edu/sigmodpods2002/
ACM SIGMOD-SIGACT-SIGAI Symposium on Principles of Database Systems,2001,PODS 2001,PODS,21-May-01,23-May-01,99,26,26.30%,Santa Barbara,California,USA,Database Systems,Conference,dblp2.uni-trier.de/db/conf/pods/pods2001.html
ACM SIGMOD-SIGACT-SIGAI Symposium on Principles of Database Systems,2000,PODS 2000,PODS,15-May-00,17-May-00,119,26,21.80%,Dallas,Texas,USA,Database Systems,Conference,lyle.smu.edu/sigmod2000/
ACM SIGMOD-SIGACT-SIGAI Symposium on Principles of Database Systems,1999,PODS 1999,PODS,31-May-99,2-Jun-99,116,32,27.60%,Philadephia,Pennsylvania,USA,Database Systems,Conference,dblp2.uni-trier.de/db/conf/pods/pods99.html
ACM SIGMOD-SIGACT-SIGAI Symposium on Principles of Database Systems,1998,PODS 1998,PODS,1-Jun-98,3-Jun-98,119,28,23.50%,Seattle,Washington,USA,Database Systems,Conference,dblp2.uni-trier.de/db/conf/pods/pods98.html
ACM SIGMOD-SIGACT-SIGAI Symposium on Principles of Database Systems,1997,PODS 1997,PODS,12-May-97,14-May-97,118,23,19.50%,Tucson,Arizona,USA,Database Systems,Conference,dblp2.uni-trier.de/db/conf/pods/pods97.html
ACM SIGMOD-SIGACT-SIGAI Symposium on Principles of Database Systems,1996,PODS 1996,PODS,3-Jun-96,5-Jun-96,84,22,26.20%,Montreal,,Canada,Database Systems,Conference,dblp2.uni-trier.de/db/conf/pods/pods96.html
ACM SIGMOD-SIGACT-SIGAI Symposium on Principles of Database Systems,1995,PODS 1995,PODS,22-May-95,25-May-95,94,25,26.60%,San Jose,California,USA,Database Systems,Conference,dblp2.uni-trier.de/db/conf/pods/pods95.html
ACM SIGMOD-SIGACT-SIGAI Symposium on Principles of Database Systems,1994,PODS 1994,PODS,24-May-94,26-May-94,117,28,23.90%,Minneapolis,Minnesota,USA,Database Systems,Conference,dblp2.uni-trier.de/db/conf/pods/pods94.html
ACM SIGMOD-SIGACT-SIGAI Symposium on Principles of Database Systems,1993,PODS 1993,PODS,25-May-93,28-May-93,115,26,22.60%,Washington,,USA,Database Systems,Conference,dblp2.uni-trier.de/db/conf/pods/pods93.html
ACM SIGMOD-SIGACT-SIGAI Symposium on Principles of Database Systems,1992,PODS 1992,PODS,2-Jun-92,4-Jun-92,,,,San Diego,California,USA,Database Systems,Conference,dblp2.uni-trier.de/db/conf/pods/pods92.html
ACM SIGMOD-SIGACT-SIGAI Symposium on Principles of Database Systems,1991,PODS 1991,PODS,29-May-91,31-May-91,,,,Denver,Colorado,USA,Database Systems,Conference,dblp2.uni-trier.de/db/conf/pods/pods91.html
ACM SIGMOD-SIGACT-SIGAI Symposium on Principles of Database Systems,1990,PODS 1990,PODS,2-Apr-90,4-Apr-90,,,,Nashville,Tennessee,USA,Database Systems,Conference,dblp2.uni-trier.de/db/conf/pods/pods90.html
ACM SIGMOD-SIGACT-SIGAI Symposium on Principles of Database Systems,1989,PODS 1989,PODS,29-Mar-89,31-Mar-89,,,,Philadelphia,Pennsylvania,USA,Database Systems,Conference,dblp2.uni-trier.de/db/conf/pods/pods89.html
ACM SIGMOD-SIGACT-SIGAI Symposium on Principles of Database Systems,1988,PODS 1988,PODS,21-Mar-88,23-Mar-88,,,,Austin,Texas,USA,Database Systems,Conference,dblp2.uni-trier.de/db/conf/pods/pods88.html
ACM SIGMOD-SIGACT-SIGAI Symposium on Principles of Database Systems,1987,PODS 1987,PODS,23-Mar-87,25-Mar-87,,,,San Diego,California,USA,Database Systems,Conference,dblp2.uni-trier.de/db/conf/pods/pods87.html
ACM SIGMOD-SIGACT-SIGAI Symposium on Principles of Database Systems,1986,PODS 1986,PODS,24-Mar-86,26-Mar-86,,,,Cambridge,Massachusetts,USA,Database Systems,Conference,dblp2.uni-trier.de/db/conf/pods/pods86.html
ACM SIGMOD-SIGACT-SIGAI Symposium on Principles of Database Systems,1985,PODS 1985,PODS,25-Mar-85,27-Mar-85,,,,Portland,Oregon,USA,Database Systems,Conference,dblp2.uni-trier.de/db/conf/pods/pods85.html
ACM SIGMOD-SIGACT-SIGAI Symposium on Principles of Database Systems,1984,PODS 1984,PODS,2-Apr-84,4-Apr-84,,,,Waterloo,Ontario,Canada,Database Systems,Conference,dblp2.uni-trier.de/db/conf/pods/pods84.html
ACM SIGMOD-SIGACT-SIGAI Symposium on Principles of Database Systems,1983,PODS 1983,PODS,21-Mar-83,23-Mar-83,,,,Atlanta,Georgia,USA,Database Systems,Conference,dblp2.uni-trier.de/db/conf/pods/pods83.html
ACM Symposium on Principles of Database Systems,1982,PODS 1982,PODS,29-Mar-82,31-Mar-82,,,,Los Angeles,California,USA,Database Systems,Conference,dblp2.uni-trier.de/db/conf/pods/pods82.html
,,,,,,,,,,,,,,
,,,,,,,,,,,,,,
,,,,,,,,,,,,,,
