Title,Event[Start date],Event[Acronym],Event[Series],Event[Start date],Event[End date],Event[Submitted papers],Event[Accepted papers],Event[Submission Rate],Event[City],Event[State],Event[Country],Event[Field],Event[Type],Event[Homepage]
ACM SIGPLAN Symposium on Principles of Programming Languages,2018,POPL 2018,POPL,7-Jan-18,13-Jan-18,,,,Los Angeles,California,USA,Programming Languages,Symposium,popl18.sigplan.org/
ACM SIGPLAN Symposium on Principles of Programming Languages,2017,POPL 2017,POPL,15-Jan-17,21-Jan-17,282,64,23%,Paris,,France,Programming Languages,Symposium,conf.researchr.org/home/POPL-2017
ACM SIGPLAN-SIGACT Symposium on Principles of Programming Languages,2016,POPL 2016,POPL,20-Jan-16,23-Jan-16,252,59,23%,Petersburg,Florida,USA,Programming Languages,Symposium,conf.researchr.org/home/POPL-2016
ACM SIGPLAN-SIGACT Symposium on Principles of Programming Languages,2015,POPL 2015,POPL,12-Jan-15,18-Jan-15,227,52,23%,Mumbai,,India,Programming Languages,Symposium,popl.mpi-sws.org/2015/
ACM SIGPLAN-SIGACT Symposium on Principles of Programming Languages,2014,POPL 2014,POPL,22-Jan-14,24-Jan-14,220,51,23%,San Diego,California,USA,Programming Languages,Symposium,popl.mpi-sws.org/2014/
ACM SIGPLAN-SIGACT Symposium on Principles of Programming Languages,2013,POPL 2013,POPL,23-Jan-13,25-Jan-13,238,43,18%,Rome,,Italy,Programming Languages,Symposium,popl.mpi-sws.org/2013/
ACM SIGPLAN-SIGACT Symposium on Principles of Programming Languages,2012,POPL 2012,POPL,22-Jan-12,28-Jan-12,205,44,21%,Philadelphia,Pennsylvania,USA,Programming Languages,Symposium,dblp2.uni-trier.de/db/conf/popl/popl2012.html
ACM SIGPLAN-SIGACT Symposium on Principles of Programming Languages,2011,POPL 2011,POPL,26-Jan-11,28-Jan-11,209,49,23%,Austin,Texas,USA,Programming Languages,Symposium,dblp2.uni-trier.de/db/conf/popl/popl2011.html
ACM SIGPLAN-SIGACT Symposium on Principles of Programming Languages,2010,POPL 2010,POPL,17-Jan-12,23-Jan-10,207,39,19%,Madrid,,Spain,Programming Languages,Symposium,dblp2.uni-trier.de/db/conf/popl/popl2010.html
ACM SIGPLAN-SIGACT Symposium on Principles of Programming Languages,2009,POPL 2009,POPL,21-Jan-09,23-Jan-09,160,36,23%,Savannah,,USA,Programming Languages,Symposium,cseweb.ucsd.edu/conferences/popl/09/
ACM SIGPLAN-SIGACT Symposium on Principles of Programming Languages,2008,POPL 2008,POPL,10-Jan-08,12-Jan-08,212,35,17%,San Francisco,California,USA,Programming Languages,Symposium,cseweb.ucsd.edu/conferences/popl/08/
ACM SIGPLAN-SIGACT Symposium on Principles of Programming Languages,2007,POPL 2007,POPL,17-Jan-07,19-Jan-07,198,36,18%,Nice,,France,Programming Languages,Symposium,cseweb.ucsd.edu/conferences/popl/07/
ACM SIGPLAN-SIGACT Symposium on Principles of Programming Languages,2006,POPL 2006,POPL,11-Jan-06,13-Jan-06,167,33,20%,Charleston,South Carolina,USA,Programming Languages,Symposium,www.cs.princeton.edu/~dpw/popl/06/
ACM SIGPLAN-SIGACT Symposium on Principles of Programming Languages,2005,POPL 2005,POPL,12-Jan-05,14-Jan-05,172,31,18%,Long Beach,California,USA,Programming Languages,Symposium,www.cs.princeton.edu/~dpw/popl/05/
ACM SIGPLAN-SIGACT Symposium on Principles of Programming Languages,2004,POPL 2004,POPL,14-Jan-04,16-Jan-04,176,29,16%,Venice,,Italy,Programming Languages,Symposium,cristal.inria.fr/POPL2004/
ACM SIGPLAN-SIGACT Symposium on Principles of Programming Languages,2003,POPL 2003,POPL,15-Jan-03,17-Jan-03,126,24,19%,New Orleans,Louisisana,USA,Programming Languages,Symposium,dblp2.uni-trier.de/db/conf/popl/popl2003.html
ACM SIGPLAN-SIGACT Symposium on Principles of Programming Languages,2002,POPL 2002,POPL,16-Jan-02,18-Jan-02,128,28,22%,Portland,Oregon,USA,Programming Languages,Symposium,dblp2.uni-trier.de/db/conf/popl/popl2002.html
ACM SIGPLAN-SIGACT Symposium on Principles of Programming Languages,2001,POPL 2001,POPL,17-Jan-01,19-Jan-01,126,24,19%,London,,UK,Programming Languages,Symposium,dblp2.uni-trier.de/db/conf/popl/popl2001.html
ACM SIGPLAN-SIGACT Symposium on Principles of Programming Languages,2000,POPL 2000,POPL,19-Jan-00,21-Jan-00,151,30,20%,Boston,Massachusetts,USA,Programming Languages,Symposium,dblp2.uni-trier.de/db/conf/popl/popl2000.html
ACM SIGPLAN-SIGACT Symposium on Principles of Programming Languages,1999,POPL 1999,POPL,20-Jan-99,22-Jan-99,136,24,18%,San Antonio,Texas,USA,Programming Languages,Symposium,www.cs.princeton.edu/~appel/popl99/
ACM SIGPLAN-SIGACT Symposium on Principles of Programming Languages,1998,POPL 1998,POPL,19-Jan-98,21-Jan-98,175,32,18%,San Diego,California,USA,Programming Languages,Symposium,dblp2.uni-trier.de/db/conf/popl/popl98.html
ACM SIGPLAN-SIGACT Symposium on Principles of Programming Languages,1997,POPL 1997,POPL,15-Jan-97,17-Jan-97,225,36,16%,Paris,,France,Programming Languages,Symposium,dblp2.uni-trier.de/db/conf/popl/popl97.html
ACM SIGPLAN-SIGACT Symposium on Principles of Programming Languages,1996,POPL 1996,POPL,21-Jan-96,24-Jan-96,148,34,23%,St. Petersburg Beach,Florida,USA,Programming Languages,Symposium,dblp2.uni-trier.de/db/conf/popl/popl96.html
ACM SIGPLAN-SIGACT Symposium on Principles of Programming Languages,1995,POPL 1995,POPL,22-Jan-95,25-Jan-95,,,,San Francisco,California,USA,Programming Languages,Symposium,dblp2.uni-trier.de/db/conf/popl/popl95.html
ACM SIGPLAN-SIGACT Symposium on Principles of Programming Languages,1994,POPL 1994,POPL,17-Jan-94,21-Jan-94,173,39,23%,Portland,Oregon,USA,Programming Languages,Symposium,dblp2.uni-trier.de/db/conf/popl/popl94.html
ACM SIGPLAN-SIGACT Symposium on Principles of Programming Languages,1993,POPL 1993,POPL,,,199,39,20%,Charleston,South Carolina,USA,Programming Languages,Symposium,dblp2.uni-trier.de/db/conf/popl/popl93.html
ACM SIGPLAN-SIGACT Symposium on Principles of Programming Languages,1992,POPL 1992,POPL,19-Jan-92,22-Jan-92,204,30,15%,Albuquerque,New Mexico,USA,Programming Languages,Symposium,dblp2.uni-trier.de/db/conf/popl/popl92.html
ACM Symposium on Principles of Programming Languages,1991,POPL 1991,POPL,21-Jan-91,23-Jan-91,152,31,20%,Orlando,Florida,USA,Programming Languages,Symposium,dblp2.uni-trier.de/db/conf/popl/popl91.html
ACM Symposium on Principles of Programming Languages,1990,POPL 1990,POPL,,,,,,San Francisco,California,USA,Programming Languages,Symposium,dblp2.uni-trier.de/db/conf/popl/popl90.html
ACM Symposium on Principles of Programming Languages,1989,POPL 1989,POPL,11-Jan-89,13-Jan-89,191,30,16%,Austin,Texas,USA,Programming Languages,Symposium,dblp2.uni-trier.de/db/conf/popl/popl89.html
ACM Symposium on Principles of Programming Languages,1988,POPL 1988,POPL,10-Jan-88,13-Jan-88,177,28,16%,San Diego,California,USA,Programming Languages,Symposium,dblp2.uni-trier.de/db/conf/popl/popl88.html
ACM Symposium on Principles of Programming Languages,1987,POPL 1987,POPL,21-Jan-87,23-Jan-87,108,29,27%,Munich,,Germany,Programming Languages,Symposium,dblp2.uni-trier.de/db/conf/popl/popl87.html
ACM Symposium on Principles of Programming Languages,1986,POPL 1986,POPL,,,,,,St. Petersburg Beach,Florida,USA,Programming Languages,Symposium,dblp2.uni-trier.de/db/conf/popl/popl86.html
ACM Symposium on Principles of Programming Languages,1985,POPL 1985,POPL,14-Jan-85,16-Jan-85,,,,New Orleans,Louisiana,USA,Programming Languages,Symposium,dblp2.uni-trier.de/db/conf/popl/popl85.html
ACM Symposium on Principles of Programming Languages,1984,POPL 1984,POPL,15-Jan-84,18-Jan-84,,,,Salt Lake City,Utah,USA,Programming Languages,Symposium,dblp2.uni-trier.de/db/conf/popl/popl84.html
ACM Symposium on Principles of Programming Languages,1983,POPL 1983,POPL,24-Jan-83,26-Jan-83,170,28,16%,Austin,Texas,USA,Programming Languages,Symposium,dblp2.uni-trier.de/db/conf/popl/popl83.html
ACM Symposium on Principles of Programming Languages,1982,POPL 1982,POPL,25-Jan-82,27-Jan-82,121,38,31%,Albuquerque,New Mexico,USA,Programming Languages,Symposium,dblp2.uni-trier.de/db/conf/popl/popl82.html
ACM Symposium on Principles of Programming Languages,1981,POPL 1981,POPL,26-Jan-81,28-Jan-81,121,24,20%,Williamsburg,Virginia,USA,Programming Languages,Symposium,dblp2.uni-trier.de/db/conf/popl/popl81.html
ACM Symposium on Principles of Programming Languages,1980,POPL 1980,POPL,28-Jan-80,30-Jan-80,,,,Las Vegas,Nevada,USA,Programming Languages,Symposium,dblp2.uni-trier.de/db/conf/popl/popl80.html
ACM Symposium on Principles of Programming Languages,1979,POPL 1979,POPL,29-Jan-79,31-Jan-79,146,27,18%,San Antonio,Texas,USA,Programming Languages,Symposium,dblp2.uni-trier.de/db/conf/popl/popl79.html
ACM Symposium on Principles of Programming Languages,1978,POPL 1978,POPL,23-Jan-78,25-Jan-78,135,27,20%,Tucson,Arizona,USA,Programming Languages,Symposium,dblp2.uni-trier.de/db/conf/popl/popl78.html
ACM Symposium on Principles of Programming Languages,1977,POPL 1977,POPL,17-Jan-77,19-Jan-77,105,25,24%,Los Angeles,California,USA,Programming Languages,Symposium,dblp2.uni-trier.de/db/conf/popl/popl77.html
ACM Symposium on Principles of Programming Languages,1976,POPL 1976,POPL,19-Jan-76,21-Jan-76,90,20,22%,Atlanta,Georgia,USA,Programming Languages,Symposium,dblp2.uni-trier.de/db/conf/popl/popl76.html
ACM Symposium on Principles of Programming Languages,1975,POPL 1975,POPL,20-Jan-75,22-Jan-75,100,23,23%,Palo Alto,California,USA,Programming Languages,Symposium,dblp2.uni-trier.de/db/conf/popl/popl75.html
ACM Symposium on Principles of Programming Languages,1973,POPL 1973,POPL,1-Oct-73,3-Oct-73,100,22,22%,Boston,Massachusetts,USA,Programming Languages,Symposium,dblp2.uni-trier.de/db/conf/popl/popl73.html
,,,,,,,,,,,,,,
,,,,,,,,,,,,,,
,,,,,,,,,,,,,,
