Title,Event[Start date],Event[Acronym],Event[Series],Event[Start date],Event[End date],Event[Submitted papers],Event[Accepted papers],Event[Submission Rate],Event[City],Event[State],Event[Country],Event[Field],Event[Type],Event[Homepage]
IEEE VR 2018,2018,IEEE VR 2018,IEEE VR,18-Mar-18,22-Mar-18,,,,Reutlingen,,Germany,Virtual and Augmented Reality,Conference,ieeevr.org/2018/
IEEE VR 2017,2017,IEEE VR 2017,IEEE VR,18-Mar-17,22-Mar-17,174,39,22.40%,Los Angeles,California,USA,Virtual and Augmented Reality,Conference,www.ieeevr.org/2017/
IEEE VR 2016,2016,IEEE VR 2016,IEEE VR,19-Mar-16,23-Mar-16,135,28,20.70%,Greenville,South Carolina,USA,Virtual and Augmented Reality,Conference,ieeevr.org/2016/
IEEE VR 2015,2015,IEEE VR 2015,IEEE VR,23-Mar-15,27-Mar-15,147,32,21.80%,Arles,,France,Virtual and Augmented Reality,Conference,ieeevr.org/2015/
IEEE VR 2014,2014,IEEE VR 2014,IEEE VR,29-Mar-14,2-Apr-14,116,28,24.10%,Minneapolis,,USA,Virtual and Augmented Reality,Conference,ieeevr.org/2014/
IEEE VR 2013,2013,IEEE VR 2013,IEEE VR,16-Mar-13,23-Mar-14,97,21,21.60%,Orlando,Florida,USA,Virtual and Augmented Reality,Conference,ieeevr.org/2013/
IEEE VR 2012,2012,IEEE VR 2012,IEEE VR,4-Mar-12,8-Mar-12,95,15,15.80%,Orange County,California,USA,Virtual and Augmented Reality,Conference,conferences.computer.org/vr/2012/
IEEE VR 2011,2011,IEEE VR 2011,IEEE VR,19-Mar-11,23-Mar-11,134,33,24.60%,Singapore,,Singapore,Virtual and Augmented Reality,Conference,conferences.computer.org/vr/2011/
IEEE VR 2010,2010,IEEE VR 2010,IEEE VR,20-Mar-10,24-Mar-10,161,41,25.50%,Waltham,,USA,Virtual and Augmented Reality,Conference,conferences.computer.org/vr/2010/
IEEE VR 2009,2009,IEEE VR 2009,IEEE VR,14-Mar-09,18-Mar-09,103,35,34.00%,Lafayette,,USA,Virtual and Augmented Reality,Conference,conferences.computer.org/vr/2009/
IEEE VR 2008,2008,IEEE VR 2008,IEEE VR,8-Mar-08,12-Mar-08,120,37,30.80%,Reno,,USA,Virtual and Augmented Reality,Conference,conferences.computer.org/vr/2008/
IEEE VR 2007,2007,IEEE VR 2007,IEEE VR,10-Mar-07,14-Mar-07,130,26,20.00%,Charlotte,,USA,Virtual and Augmented Reality,Conference,conferences.computer.org/vr/2007/
IEEE VR 2006,2006,IEEE VR 2006,IEEE VR,25-Mar-06,29-Mar-06,97,28,28.90%,Alexandria,Virginia,USA,Virtual and Augmented Reality,Conference,conferences.computer.org/vr/2006/
IEEE VR 2005,2005,IEEE VR 2005,IEEE VR,12-Mar-05,16-Mar-05,111,29,26.10%,Bonn,,Germany,Virtual and Augmented Reality,Conference,dblp.uni-trier.de/db/conf/vr/vr2005.html
IEEE VR 2004,2004,IEEE VR 2004,IEEE VR,27-Mar-04,31-Mar-04,130,26,20.00%,Chicago,,USA,Virtual and Augmented Reality,Conference,
IEEE VR 2003,2003,IEEE VR 2003,IEEE VR,22-Mar-03,26-Mar-03,104,29,27.90%,Los Angelas,California,USA,Virtual and Augmented Reality,Conference,
IEEE VR 2002,2002,IEEE VR 2002,IEEE VR,24-Mar-02,28-Mar-02,106,29,27.40%,Orlando,Florida,USA,Virtual and Augmented Reality,Conference,
IEEE VR 2001,2001,IEEE VR 2001,IEEE VR,13-Mar-01,17-Mar-01,110,33,30.00%,Yokohama,Kanagawa,Japan,Virtual and Augmented Reality,Conference,
IEEE VR 2000,2000,IEEE VR 2000,IEEE VR,18-Mar-00,22-Mar-00,93,31,33.30%,New Brunswick,,USA,Virtual and Augmented Reality,Conference,
IEEE VR 1999,1999,IEEE VR 1999,IEEE VR,13-Mar-99,17-Mar-99,100,33,33.00%,Houston,,USA,Virtual and Augmented Reality,Conference,
VRAIS 1998,1998,VRAIS 1998,VRAIS,14-Mar-98,18-Mar-98,,36,,Atlanta,,USA,Virtual and Augmented Reality,Conference,
VRAIS 1997,1997,VRAIS 1997,VRAIS,1-Mar-97,5-Mar-97,,25,,Albuquerque,,USA,Virtual and Augmented Reality,Conference,
VRAIS 1996,1996,VRAIS 1996,VRAIS,30-Mar-96,3-Apr-96,86,30,34.90%,Santa Clara,California,USA,Virtual and Augmented Reality,Conference,
VRAIS 1995,1995,VRAIS 1995,VRAIS,11-Mar-95,15-Mar-95,,27,,Triangle Park,,USA,Virtual and Augmented Reality,Conference,
VRAIS 1993,1993,VRAIS 1993,VRAIS,18-Sep-93,22-Sep-93,,,,Seattle,,USA,Virtual and Augmented Reality,Conference,
,,,,,,,,,,,,,,
,,,,,,,,,,,,,,
,,,,,,,,,,,,,,
,,,,,,,,,,,,,,
