Title,Event[Start date],Event[Acronym],Event[Series],Event[Start date],Event[End date],Event[Submitted papers],Event[Acceptance Rate],Event[Accepted papers],Event[City],Event[State],Event[Country],Event[Field],Event[Type],Event[Homepage]
11th ACM International Conference on Web Search and Data Mining,2018,WSDM 2018,WSDM,5-Feb-18,8/02/2018,,,,Los Angeles,California,USA,Web,Conference,www.wsdm-conference.org/2018/
10th ACM International Conference on Web Search and Data Mining,2017,WSDM 2017,WSDM,6-Feb-17,10/02/2017,505,80,15.80%,Cambridge,,UK,Web,Conference,www.wsdm-conference.org/2017/
9th ACM International Conference on Web Search and Data Mining,2016,WSDM 2016,WSDM,22-Feb-16,25/02/2016,368,67,18.20%,San Francisco,California,USA,Web,Conference,www.wsdm-conference.org/2016/
8th ACM International Conference on Web Search and Data Mining,2015,WSDM 2015,WSDM,31-Jan-15,6/02/2015,238,39,16.40%,Shanghai,,China,Web,Conference,www.wsdm-conference.org/2015/
7th ACM International Conference on Web Search and Data Mining,2014,WSDM 2014,WSDM,24-Feb-14,28/02/2014,355,64,18.00%,New York,,USA,Web,Conference,www.wsdm-conference.org/2014/
6th ACM International Conference on Web Search and Data Mining,2013,WSDM 2013,WSDM,4-Feb-13,8/02/2013,387,73,18.90%,Rome,,Italy,Web,Conference,www.wsdm2013.org/
5th ACM International Conference on Web Search and Data Mining,2012,WSDM 2012,WSDM,8-Feb-12,12/02/2012,362,75,20.70%,Seattle,Washington,USA,Web,Conference,www.wsdm2012.org/
4th ACM International Conference on Web Search and Data Mining,2011,WSDM 2011,WSDM,9-Feb-11,12/02/2011,372,83,22.30%,Hong Kong,,China,Web,Conference,www.wsdm2011.org/
3rd ACM International Conference on Web Search and Data Mining,2010,WSDM 2010,WSDM,3-Feb-10,6/02/2010,290,45,15.50%,New York,,USA,Web,Conference,www.wsdm-conference.org/2010/
2nd ACM International Conference on Web Search and Data Mining,2009,WSDM 2009,WSDM,9-Feb-09,12/02/2009,170,29,17.10%,Barcelona,,Spain,Web,Conference,www.wsdm2009.org/
1st ACM International Conference on Web Search and Data Mining,2008,WSDM 2008,WSDM,11-Feb-08,12/02/2008,151,24,15.90%,Stanford,California,USA,Web,Conference,videolectures.net/wsdm08_stanford/
,,,,,,,,,,,,,,
,,,,,,,,,,,,,,
