Title,Event[Start date],Event[Acronym],Event[Series],Event[Start date],Event[End date],Event[Submitted papers],Event[Accepted papers],Event[Submission Rate],Event[City],Event[State],Event[Country],Event[Field],Event[Type],Event[Homepage]
27th International Conference on World Wide Web,2018,WWW 2018,WWW,23-Apr-18,27-Apr-18,,,,Lyon,,France,Semantic Web,Conference,https://www2018.thewebconf.org/
26th International Conference on World Wide Web,2017,WWW 2017,WWW,3-Apr-17,7-Apr-17,966,164,17%,Perth,,Australia,Semantic Web,Conference,www.www2017.com.au/
25th International Conference on World Wide Web,2016,WWW 2016,WWW,11-Apr-16,15-Apr-16,727,115,16%,Montreal,,Canada,Semantic Web,Conference,www2016.ca/
24th International Conference on World Wide Web,2015,WWW 2015,WWW,18-May-15,22-May-15,929,131,14%,Florence,,Italy,Semantic Web,Conference,www.www2015.it/
23rd International Conference on World Wide Web,2014,WWW 2014,WWW,7-Apr-14,11-Apr-14,645,84,13%,Seoul,,Korea,Semantic Web,Conference,www2014.wwwconference.org/
22nd International Conference on World Wide Web,2013,WWW 2013,WWW,13-May-13,17-May-13,831,125,15%,Rio de Janeiro,,Brazil,Semantic Web,Conference,www2013.org/
21st International Conference on World Wide Web,2012,WWW 2012,WWW,16-Apr-12,20-Apr-12,885,108,12%,Lyon,,France,Semantic Web,Conference,www.wwwconference.org/www2012/
20th International Conference on World Wide Web,2011,WWW 2011,WWW,28-Mar-11,1-Apr-11,658,81,12%,Hyderabad,,India,Semantic Web,Conference,www2011.wwwconference.org/
19th International Conference on World Wide Web,2010,WWW 2010,WWW,26-Apr-10,30-Apr-10,754,105,14%,Raleigh,North Carolina,USA,Semantic Web,Conference,www2010.org/www/
18th International Conference on World Wide Web,2009,WWW 2009,WWW,20-Apr-09,24-Apr-09,823,198,24%,Madrid,,Spain,Semantic Web,Conference,www2009.org/
17th International Conference on World Wide Web,2008,WWW 2008,WWW,21-Apr-08,25-Apr-08,880,103,12%,Beijing,,China,Semantic Web,Conference,wwwconference.org/www2008/
16th International Conference on World Wide Web,2007,WWW 2007,WWW,8-May-07,12-May-07,753,111,15%,Banff,Alberta,Canada,Semantic Web,Conference,www.www2007.org/
15th International Conference on World Wide Web,2006,WWW 2006,WWW,23-May-06,25-May-06,667,75,11%,Edinburgh,Scotland,UK,Semantic Web,Conference,www2006.org/
14th International Conference on World Wide Web,2005,WWW 2005,WWW,10-May-05,14-May-05,550,77,14%,Chiba,,Jaban,Semantic Web,Conference,www2005.wwwconference.org/
13th International Conference on World Wide Web,2004,WWW 2004,WWW,17-May-04,22-May-04,506,74,15%,Manhattan,New York,USA,Semantic Web,Conference,www2004.org/
12th International Conference on World Wide Web,2003,WWW 2003,WWW,20-May-03,24-May-03,602,77,13%,Budapest,,Hungary,Semantic Web,Conference,www2003.org/
11th International Conference on World Wide Web,2002,WWW 2002,WWW,7-May-02,11-May-02,454,72,16%,Honolulu,Hawaii,USA,Semantic Web,Conference,wwwconference.org/proceedings/www2002/
10th International Conference on World Wide Web,2001,WWW 2001,WWW,1-May-01,5-May-01,391,78,20%,Hong Kong,,China,Semantic Web,Conference,www10.wwwconference.org/
9th International Conference on World Wide Web,2000,WWW 2000,WWW,15-May-00,19-May-00,280,57,20%,Amsterdam,,The Netherlands,Semantic Web,Conference,www9.org/
8th International Conference on World Wide Web,1999,WWW 1999,WWW,11-May-99,14-May-99,304,48,16%,Toronto,,Canada,Semantic Web,Conference,www8.org/
7th International Conference on World Wide Web,1998,WWW 1998,WWW,14-Apr-98,18-Apr-98,250,54,22%,,Brisbane,Australia,Semantic Web,Conference,www7.wwwconference.org/00/index.htm
6th International Conference on World Wide Web,1997,WWW 1997,WWW,7-Apr-97,11-Apr-97,276,62,22%,Santa Clara,California,USA,Semantic Web,Conference,www6.wwwconference.org/
5th International Conference on World Wide Web,1996,WWW 1996,WWW,6-May-96,10-May-96,210,58,28%,Paris,,France,Semantic Web,Conference,www.w3.org/Conferences/WWW5/
4th International Conference on World Wide Web,1995,WWW 1995,WWW,11-Dec-95,14-Dec-95,189,59,31%,Boston,Massachusetts,USA,Semantic Web,Conference,www.w3.org/Conferences/WWW4/
3rd International Conference on World Wide Web,1995,WWW 1995,WWW,,,,,,Darmstadt,,Germany,Semantic Web,Conference,
2nd International Conference on World Wide Web,1994,WWW 1994,WWW,,,,,,Chicago,Illinois,USA,Semantic Web,Conference,
1st International Conference on World Wide Web,1994,WWW 1994,WWW,25-May-94,27-May-94,,50,,Cern,,Switzerland,Semantic Web,Conference,www94.web.cern.ch/WWW94/
,,,,,,,,,,,,,,
,,,,,,,,,,,,,,
,,,,,,,,,,,,,,
,,,,,,,,,,,,,,
,,,,,,,,,,,,,,
,,,,,,,,,,,,,,
,,,,,,,,,,,,,,
,,,,,,,,,,,,,,
,,,,,,,,,,,,,,
,,,,,,,,,,,,,,
,,,,,,,,,,,,,,
